Potential A/V,Current A,Potential B/V,Current B
-0.5,0.0,-0.45,0.0
-0.475,0.0,-0.425,0.0
-0.45,0.0,-0.4,0.0
-0.425,0.0,-0.375,0.0
-0.4,0.0,-0.35,0.0
-0.375,1e-05,-0.325,0.0
-0.35,3e-05,-0.3,0.0
-0.325,9e-05,-0.275,1e-05
-0.3,0.00023,-0.25,3e-05
-0.275,0.00054,-0.225,7e-05
-0.25,0.00121,-0.2,0.00016
-0.225,0.00256,-0.175,0.00036
-0.2,0.00513,-0.15,0.00076
-0.175,0.00972,-0.125,0.00154
-0.15,0.01741,-0.1,0.00298
-0.125,0.02951,-0.075,0.00553
-0.1,0.04732,-0.05,0.00983
-0.075,0.07179,-0.025,0.01674
-0.05,0.10301,0.0,0.02729
-0.025,0.13982,0.025,0.0426
0.0,0.17953,0.05,0.0637
0.025,0.21806,0.075,0.09121
0.05,0.25056,0.1,0.12508
0.075,0.27233,0.125,0.16426
0.1,0.28,0.15,0.20658
0.125,0.27233,0.175,0.2488
0.15,0.25056,0.2,0.28698
0.175,0.21806,0.225,0.31699
0.2,0.17953,0.25,0.33533
0.225,0.13982,0.275,0.33971
0.25,0.10301,0.3,0.32957
0.275,0.07179,0.325,0.30621
0.3,0.04732,0.35,0.27246
0.325,0.02951,0.375,0.23217
0.35,0.01741,0.4,0.18946
0.375,0.00972,0.425,0.14806
0.4,0.00513,0.45,0.11081
0.425,0.00256,0.475,0.07942
0.45,0.00121,0.5,0.05452
0.475,0.00054,0.525,0.03584
0.5,0.00023,0.55,0.02256
