添付ファイル,使用する記事,説明,esa添付URL（掲載時に記入）
assets/mifito-01-start.jpg,01-common.md,MiFiToの初期画面。左に「画像を開く」、右にプレビュー,
assets/mifito-02-sample.jpg,03-mifito.md,3枚のサンプルを開いた画面。左が画像一覧、右が処理後のプレビュー,
assets/mifito-03-measure.jpg,03-mifito.md,サンプル内の5 µmの基準線の両端を測定した画面,
assets/mifito-04-calibrated.jpg,03-mifito.md,校正した画面。「1 px = 0.019937096 µm」はマウスで測った場合の例,
assets/mifito-05-crop-selection.jpg,03-mifito.md,3対2のトリミング範囲を指定した画面。枠と補助線で範囲を確認する,
assets/mifito-06-cropped.jpg,03-mifito.md,適用後の画面。サンプルは900×600 pxの範囲になる,
assets/mifito-07-scale.jpg,03-mifito.md,スケールバーを2 µm、左下に変更した画面,
assets/mifito-08-label.jpg,03-mifito.md,"「(a-1), (a-2), (a-3)」を適用した画面",
assets/mifito-09-batch-save.jpg,01-common.md / 03-mifito.md,MiFiToの保存画面。一括保存では対象枚数も表示される / PNGとSVGを選んだ一括保存画面。対象枚数を確認して保存する,
assets/mifito-10-batch-targets.jpg,03-mifito.md,3枚目のチェックを外すと、一括保存の対象が2枚になる,
assets/mifito-11-settings-menu.jpg,01-common.md,MiFiToの設定保存メニュー。プロジェクト保存とは別のボタン,
assets/mifito-batch.gif,03-mifito.md,一括保存の画面と保存完了の操作GIF,
assets/mifito-calibration.gif,03-mifito.md,既知の長さを測って校正する操作GIF,
assets/mifito-crop.gif,03-mifito.md,トリミングの指定と適用の操作GIF,
assets/mifito-labels.gif,03-mifito.md,パネルラベルの形式を選び、適用する操作GIF,
assets/plot-01-start.jpg,01-common.md,PlotLauncherの初期画面。左に「データを開く」、右にプレビュー,
assets/plot-02-sample.jpg,02-plotlauncher.md,サンプルを読み込んだ画面。3本の系列と凡例が表示される,
assets/plot-03-preset.jpg,02-plotlauncher.md,CV/LSVのプリセットを選択した画面,
assets/plot-04-color.jpg,02-plotlauncher.md,色パネル。テーマの色、基本の色、カラーピッカーから選べる,
assets/plot-05-series.jpg,02-plotlauncher.md,系列の設定。X列・Y列・系列名を確認する,
assets/plot-06-axis-editor.jpg,02-plotlauncher.md,X軸ラベルの設定画面。ラベル、単位、位置を変更できる,
assets/plot-07-annotation.jpg,02-plotlauncher.md,注釈の文字を「Condition A」に変更した画面,
assets/plot-08-annotation-moved.jpg,02-plotlauncher.md,注釈をドラッグして移動した画面。選択中はハンドルが表示される,
assets/plot-09-save.jpg,01-common.md / 02-plotlauncher.md,PNGとSVGを選び、ダウンロード先に保存する画面 / PlotLauncherの保存画面。ファイル名、保存形式、保存先を選ぶ,
assets/plot-10-ticks.jpg,02-plotlauncher.md,X軸目盛りの設定画面。範囲と間隔の自動設定を切り替える,
assets/plot-11-series-editor.jpg,02-plotlauncher.md,グラフの線をダブルクリックして開いた系列設定,
assets/plot-12-background.jpg,02-plotlauncher.md,枠内の背景を使用するチェックを入れた設定画面,
assets/plot-annotation.gif,02-plotlauncher.md,注釈の追加、移動、削除、復元の操作GIF,
assets/plot-axis.gif,02-plotlauncher.md,軸ラベルのダブルクリック編集と移動の操作GIF,
assets/plot-color.gif,02-plotlauncher.md,系列の描画チェックと色変更の操作GIF,
assets/plot-preset.gif,02-plotlauncher.md,同じ練習データでプリセットを切り替える操作GIF,
