Position / um,Profile 1 / nm,Profile 2 / nm
0,8.33498729,1.86605647
0.004,8.65764623,1.72676154
0.008,9.45263019,1.78753247
0.012,10.0129726,1.80239529
0.016,11.1536768,1.88392296
0.02,12.0035698,2.11659091
0.024,13.2985638,1.76606256
0.028,14.4156846,2.10811804
0.032,15.3937691,2.00544158
0.036,16.7257489,2.13309803
0.04,18.4915294,2.30384419
0.044,19.8023309,2.50970816
0.048,21.4916852,2.77426641
0.052,23.1411712,2.99455578
0.056,24.7408907,3.0445582
0.06,27.1060768,3.34967432
0.064,28.6312579,4.0969712
0.068,30.2655874,4.60043376
0.072,32.3163233,4.660925
0.076,33.52519,5.03441628
0.08,35.2345955,5.61880755
0.084,37.1357453,6.11451449
0.088,38.6453056,5.86386588
0.092,40.1328575,6.2719632
0.096,41.4649673,6.2990204
0.1,42.3271048,6.59043855
0.104,43.6360423,6.57744142
0.108,44.5095886,6.64605706
0.112,45.7096592,6.65398329
0.116,45.993256,5.99444893
0.12,47.0600968,6.00870633
0.124,47.7247707,5.76276542
0.128,48.6190152,5.70398883
0.132,49.2235203,5.29729956
0.136,49.540239,4.98930805
0.14,49.9347279,4.5556614
0.144,49.898039,4.41203335
0.148,50.4814378,4.18536893
0.152,50.2566554,3.82009132
0.156,50.3129727,3.52254696
0.16,49.8595331,3.26878279
0.164,49.3586593,3.52061053
0.168,48.9614275,3.0525695
0.172,47.9537318,3.44315497
0.176,47.7930339,3.32585417
0.18,46.9957276,3.33816556
0.184,46.222428,3.47365074
0.188,45.4525852,3.83764497
0.192,44.3054368,3.83676243
0.196,43.410536,3.98904002
0.2,42.3600002,4.72839661
0.204,40.7352598,4.85273651
0.208,39.8043464,4.84382122
0.212,38.4922697,5.23984646
0.216,37.6208181,5.65965721
0.22,36.3484565,5.86024525
0.224,35.0447784,6.09392774
0.228,33.777578,6.69137578
0.232,32.5329414,6.74500695
0.236,31.2022532,7.40806187
0.24,30.1481082,7.45278791
0.244,28.5558756,7.69356404
0.248,27.4528814,8.04626677
0.252,26.4919287,8.91721051
0.256,25.1254874,8.82639075
0.26,23.7102979,9.45364983
0.264,22.3102527,9.49147473
0.268,21.4020069,9.8182318
0.272,20.0109309,9.87141911
0.276,18.8498951,10.1838934
0.28,17.6944352,10.6269883
0.284,16.5515116,10.8138859
0.288,15.4553054,10.7206807
0.292,14.3453457,10.8070311
0.296,13.3611944,11.0519901
0.3,11.9911443,11.2529004
0.304,11.0429717,11.3670156
0.308,10.3905449,11.9683582
0.312,9.24676404,11.7832313
0.316,8.82669266,11.7625869
0.32,7.65262219,12.0187929
0.324,7.43507568,11.9598019
0.328,7.17551475,12.4733579
0.332,6.74237377,12.6839821
0.336,6.58474538,12.98071
0.34,6.45378936,13.0759038
0.344,5.92687735,13.7787514
0.348,5.68643481,14.1165866
0.352,5.5824188,14.4700814
0.356,6.02360697,14.6678356
0.36,6.05122548,15.2353573
0.364,5.44300687,15.4149867
0.368,5.4478339,15.3637615
0.372,5.50930809,15.6835155
0.376,5.33345191,15.5807161
0.38,5.19373088,15.1927942
0.384,5.14963474,15.2297701
0.388,4.92868609,14.9153811
0.392,4.72519157,15.0177035
0.396,4.56885614,14.8032159
0.4,4.69572908,14.4815376
0.404,3.96070015,14.1362933
0.408,3.87195859,14.0755368
0.412,3.52647365,13.5898894
0.416,3.69153006,13.4675767
0.42,3.06459114,13.3032134
0.424,3.06676601,13.0870024
0.428,3.396978,13.1896742
0.432,3.09227465,12.7063188
0.436,3.04435428,12.2562207
0.44,3.06033752,12.3868164
0.444,3.5551464,12.4645531
0.448,3.52761627,12.4471413
0.452,4.13879253,11.8746535
0.456,4.24202133,11.5516117
0.46,4.52330158,11.2558542
0.464,4.54070887,11.2112645
0.468,5.11054591,10.3634384
0.472,5.29859328,10.136102
0.476,5.30880045,10.1057434
0.48,5.66592425,9.45870661
0.484,5.85411896,9.19483758
0.488,5.92443336,8.45676423
0.492,6.28448758,8.43478417
0.496,6.29983844,7.93015193
0.5,6.66908834,7.36051471
0.504,6.51945476,7.33609081
0.508,6.90066955,7.11902392
0.512,6.67008395,7.17565964
0.516,7.23400294,7.20859809
0.52,7.63877278,6.75010907
0.524,7.79231023,7.06010165
0.528,8.37044667,7.25780527
0.532,9.13598949,6.686605
0.536,9.25598686,6.9531283
0.54,10.6428437,6.46586153
0.544,11.2986869,6.04363282
0.548,12.278003,6.26778968
0.552,13.5472246,6.29740786
0.556,14.6685759,5.62217114
0.56,16.0598382,5.6538717
0.564,16.9821895,5.39831102
0.568,18.2794634,4.98976455
0.572,19.395012,5.18618101
0.576,21.2004707,4.78963925
0.58,22.1054147,5.20354853
0.584,23.2631361,4.42322224
0.588,24.6931839,4.56565333
0.592,25.5225493,4.5439365
0.596,27.1461068,4.43338034
0.6,27.3556448,4.14480702
0.604,28.3738694,4.05165837
0.608,29.5241358,3.99255158
0.612,30.0653529,3.96360978
0.616,30.7706164,4.36724085
0.62,30.9486052,3.80483318
0.624,31.798327,4.04041291
0.628,32.2969786,3.8064426
0.632,32.4838456,4.07656088
0.636,32.3810283,4.3185975
0.64,32.6230582,4.23771592
0.644,32.7812955,4.56353595
0.648,32.1288064,4.72909283
0.652,32.0722502,5.05685603
0.656,31.5093962,4.97971446
0.66,31.2624209,5.2095905
0.664,30.6517484,5.69976514
0.668,29.8163086,5.94587998
0.672,29.1237649,6.3456062
0.676,28.5935171,6.564343
0.68,27.7417701,6.88715734
0.684,27.0275191,7.01152036
0.688,26.0377175,7.16056741
0.692,25.5935066,7.35792672
0.696,24.6056523,7.48495155
0.7,23.5741398,7.4051777
0.704,22.6130392,6.91790739
0.708,22.3642359,6.78891191
0.712,20.9026824,6.57349131
0.716,20.1926597,6.39711421
0.72,19.296046,5.90828753
0.724,18.3175409,5.76086971
0.728,17.8033179,5.28525144
0.732,16.9578278,4.85794438
0.736,16.1782142,4.20912677
0.74,15.5150578,4.01065323
0.744,14.4121383,3.54065121
0.748,13.683282,3.1878506
0.752,13.4383308,2.78316085
0.756,13.1881674,2.43548837
0.76,12.1860425,2.55495937
0.764,12.1496712,2.58525055
0.768,11.5055087,2.35071477
0.772,10.9919254,2.30142516
0.776,10.9341147,2.56155281
0.78,10.374047,2.30565452
0.784,10.3470242,2.9903489
0.788,9.77143724,2.81886975
0.792,9.32944112,3.06029276
0.796,9.52245703,3.3197974
0.8,8.97459623,4.27664184
0.804,9.12654191,4.19036187
0.808,8.92458025,4.84253304
0.812,8.61631713,4.81042748
0.816,8.63192368,5.20259286
0.82,8.57716943,5.33533301
0.824,8.7427724,5.54938741
0.828,8.6708032,6.00561871
0.832,8.81768016,6.13749993
0.836,9.18255475,6.20921945
0.84,9.32150566,6.16081189
0.844,9.93617017,6.26460063
0.848,10.1216652,6.45708293
0.852,10.6173331,6.53395812
0.856,10.9900437,6.42486195
0.86,11.2531777,6.20261109
0.864,11.9934352,6.33045464
0.868,11.7401195,6.4345028
0.872,11.6766281,6.46186488
0.876,11.7975669,6.77988637
0.88,11.0916804,6.95803631
0.884,10.7522042,7.01945814
0.888,10.1944328,7.11974366
0.892,9.91095063,7.80783636
0.896,9.27310055,7.83274605
0.9,8.53729069,8.12369185
0.904,8.19548821,8.90322878
0.908,7.91073326,9.23430286
0.912,7.23737548,9.85033407
0.916,7.02599203,10.6997232
0.92,6.89721407,10.8201639
0.924,6.4563085,11.9960068
0.928,6.33381216,12.3530236
0.932,6.18087356,12.9700349
0.936,5.7229775,14.0750227
0.94,5.63997536,14.5606059
0.944,5.45667128,15.2383473
0.948,5.44499063,15.8578661
0.952,5.3438415,16.5818538
0.956,4.93645485,16.9875642
0.96,4.59902286,17.8401256
0.964,4.31624933,18.1392771
0.968,4.63680931,19.0516075
0.972,4.29101859,19.4670121
0.976,4.28075401,20.0327114
0.98,4.46255619,20.23318
0.984,3.87120002,21.0481253
0.988,4.2259612,21.2084693
0.992,4.42380788,21.5046587
0.996,4.6273553,21.8113657
1,4.61087846,21.9982594
1.004,5.084953,22.48649
1.008,5.14854099,22.6005887
1.012,5.72791689,23.154711
1.016,6.47348824,23.1132275
1.02,6.11564726,23.5717962
1.024,6.63029123,23.7244112
1.028,6.83468221,23.9576542
1.032,7.32451578,23.8202073
1.036,7.58161565,23.756194
1.04,7.65393535,23.3394518
1.044,7.86516445,23.427845
1.048,8.03448521,23.5537256
1.052,8.31137795,23.257465
1.056,7.87264538,22.9132145
1.06,8.01055339,22.7559486
1.064,8.02368113,22.9906242
1.068,7.83767154,22.7621188
1.072,7.91704936,22.4340701
1.076,7.79550598,22.2715516
1.08,8.23265244,22.3789788
1.084,8.25386026,22.2373888
1.088,8.18343272,22.0286527
1.092,7.994385,22.0924425
1.096,8.83347123,21.9511147
1.1,8.74927159,21.4851792
1.104,9.24047487,21.4577855
1.108,9.37113798,21.5215909
1.112,9.67182699,21.3150937
1.116,9.57867774,20.9839377
1.12,9.85480232,20.9649865
1.124,10.1365085,20.6688836
1.128,10.4323205,20.6469394
1.132,10.3777248,20.3227289
1.136,10.7302691,20.7048514
1.14,10.5310659,20.7128868
1.144,10.8499833,20.3022278
1.148,10.7561448,20.174198
1.152,10.3243353,20.7788899
1.156,10.8808586,20.5966795
1.16,10.7474389,20.656991
1.164,10.447072,20.948712
1.168,10.2946147,20.6325802
1.172,10.3620449,20.9826393
1.176,10.1304068,21.0797076
1.18,10.2654355,21.6994441
1.184,10.043677,21.4596936
1.188,10.1141754,21.7449495
1.192,9.95671442,21.9845804
1.196,10.1302956,22.3076519
1.2,10.0517329,22.4106845
1.204,9.8399286,22.3631463
1.208,9.8802887,22.5283593
1.212,10.3828345,23.0572153
1.216,10.4302798,23.1500195
1.22,10.8097733,23.0166503
1.224,10.887691,23.0910304
1.228,11.5806072,23.2287634
1.232,11.8491972,23.5796513
1.236,13.0257792,23.5755112
1.24,13.8391521,23.242055
1.244,14.551842,23.623743
1.248,15.9248289,23.757352
1.252,17.291395,23.5036797
1.256,18.7245188,23.8347359
1.26,20.499336,23.5481113
1.264,21.7852264,23.8831609
1.268,23.742097,23.9014363
1.272,25.7452421,23.9884748
1.276,27.7551067,24.179073
1.28,29.2712702,24.5388732
1.284,31.2465377,24.4280732
1.288,33.2507306,24.7712789
1.292,35.3150064,24.7597286
1.296,37.4624395,25.0192096
1.3,38.7219316,24.9175959
1.304,40.6131156,25.5780803
1.308,42.2026341,25.4843857
1.312,43.069617,25.9114374
1.316,44.4746835,26.3815058
1.32,45.0935962,26.8099622
1.324,45.4917623,26.9584982
1.328,45.8673669,27.0806918
1.332,46.4308042,27.4184469
1.336,46.2380778,27.5356818
1.34,46.1704371,27.8866388
1.344,45.4743619,28.0594645
1.348,44.6106008,28.2571868
1.352,43.3728976,28.2397717
1.356,42.2212992,28.3768677
1.36,40.880881,28.5336259
1.364,39.0495692,28.2773042
1.368,37.7084165,28.5747788
1.372,35.310746,28.3983469
1.376,33.2117112,28.1156325
1.38,31.1718573,28.1621124
1.384,28.9776138,27.58476
1.388,26.9421927,27.3409454
1.392,25.0205858,27.4502353
1.396,23.0007297,27.0321158
1.4,20.6189575,26.9662571
1.404,19.1706973,26.6318392
1.408,17.2393795,26.4705926
1.412,16.091836,26.5079796
1.416,14.8792448,26.0966052
1.42,13.4398181,25.9750609
1.424,12.3522089,25.862559
1.428,11.4235277,25.7764201
1.432,10.4598252,25.9742485
1.436,9.77766053,25.5626105
1.44,9.36354647,25.3204612
1.444,9.0550341,25.3234182
1.448,8.39494345,25.5617479
1.452,7.94480761,25.2922249
1.456,7.75243136,25.3910009
1.46,7.63750152,25.5929941
1.464,7.34577074,25.9317465
1.468,7.39409075,25.4098776
1.472,7.33909999,25.4540323
1.476,7.59972694,25.5992384
1.48,7.90411752,25.7628748
1.484,8.06165365,25.9888338
1.488,8.14546015,25.789927
1.492,8.61943592,25.637593
1.496,9.22235927,26.1864012
1.5,9.76259975,26.0585234
1.504,10.211229,26.4331529
1.508,10.8583784,25.954003
1.512,11.2682876,25.8090277
1.516,11.8654488,25.8775926
1.52,12.5615798,25.8609601
1.524,13.5043189,25.8894528
1.528,14.4634509,26.2326132
1.532,15.1042239,26.1309921
1.536,16.0465097,26.3090404
1.54,16.4469806,26.5712698
1.544,17.243819,26.4409587
1.548,17.8113161,26.9154693
1.552,18.6590188,26.7759939
1.556,18.9937777,27.2673977
1.56,19.8418115,27.6824987
1.564,20.1348673,28.166961
1.568,21.0146395,28.9768938
1.572,21.6324283,29.8607386
1.576,21.9837366,30.5856469
1.58,22.1122401,31.7275057
1.584,22.5106511,32.7909405
1.588,22.9020803,34.1515599
1.592,23.1272092,35.5730853
1.596,23.6708799,36.8983469
1.6,23.4923127,38.460359
1.604,23.9788157,40.1679595
1.608,23.7576677,41.4127122
1.612,24.261898,43.2643398
1.616,23.9208344,44.5233267
1.62,24.0691823,46.036186
1.624,23.325767,47.4722076
1.628,23.11944,48.3007176
1.632,22.566655,49.5757637
1.636,21.8969984,50.418017
1.64,21.2064967,51.2751308
1.644,21.2192044,52.1675216
1.648,20.5100731,52.461688
1.652,20.1517626,53.102077
1.656,19.3037287,53.0307451
1.66,18.2636646,53.0005803
1.664,17.6632021,52.8335669
1.668,17.4043104,52.2440938
1.672,17.032919,52.1268092
1.676,15.6405388,51.4160395
1.68,15.1502184,50.5668564
1.684,14.6819321,49.5330467
1.688,14.2138769,48.5704502
1.692,13.6929634,47.2559873
1.696,13.0779096,46.0424979
1.7,12.501982,44.8078899
1.704,12.1898038,43.204378
1.708,11.7723263,41.7837513
1.712,11.4139105,40.2901118
1.716,11.1237548,38.9130491
1.72,10.8157998,37.4874881
1.724,10.6318521,35.5884587
1.728,10.6259086,34.262408
1.732,10.3695554,32.6590086
1.736,10.1591877,31.2894253
1.74,10.190018,29.533982
1.744,9.67065566,27.9734597
1.748,9.54787035,26.5667931
1.752,9.51135798,25.0387088
1.756,9.5889317,23.7642356
1.76,9.626583,22.4200374
1.764,9.83704925,21.0955815
1.768,9.85902186,20.164477
1.772,10.0522248,19.0291073
1.776,10.0131276,17.7457344
1.78,10.239806,16.6977702
1.784,10.2633744,15.6500163
1.788,10.8386507,15.3149088
1.792,11.0340572,14.3039743
1.796,10.9606116,13.6392596
1.8,11.0316793,13.3194118
1.804,11.418257,12.6986623
1.808,11.3325107,12.5043685
1.812,11.5883197,12.5727559
1.816,11.3794627,12.3404443
1.82,11.6596247,12.7196312
1.824,11.0838444,12.9281782
1.828,11.5391584,12.7499829
1.832,11.4183638,13.2996071
1.836,11.4019646,13.5042269
1.84,11.1545826,14.2207025
1.844,11.3069766,14.8265491
1.848,10.9627779,15.180317
1.852,10.8352054,16.0298222
1.856,11.2372148,16.6168585
1.86,11.6876523,17.0530029
1.864,12.0450591,17.5339972
1.868,12.2050046,18.3301055
1.872,13.1586351,18.5073508
1.876,14.0809659,19.0633321
1.88,15.0891004,18.9602222
1.884,16.1756691,19.1372903
1.888,17.2035155,19.1221007
1.892,18.4777827,19.7830594
1.896,19.589141,19.8349259
1.9,20.7140243,19.9528719
1.904,21.684883,19.6569574
1.908,22.468881,19.6584033
1.912,23.7371406,19.9542568
1.916,24.7482628,19.4074704
1.92,25.7216486,19.3224372
1.924,26.5596946,19.3072931
1.928,27.6876124,18.9787431
1.932,28.4890614,18.6027488
1.936,29.1619787,18.2847096
1.94,30.5975446,17.952004
1.944,31.6832512,17.48165
1.948,32.913766,17.2733121
1.952,33.9339855,16.4854115
1.956,35.7599006,15.9423027
1.96,37.6438026,15.9045468
1.964,39.2430914,15.1939297
1.968,41.3239383,14.6689587
1.972,43.3839785,14.2669025
1.976,44.8243171,13.4787672
1.98,46.8157824,13.0285108
1.984,48.5536225,12.5716034
1.988,50.2047249,11.5632052
1.992,51.8357585,11.0306054
1.996,53.1811029,10.6655727
2,54.2125024,10.2454126
2.004,55.5862242,9.3289876
2.008,55.7943266,8.9360502
2.012,56.3670977,8.44263957
2.016,57.012322,8.03169636
2.02,57.1654672,7.3390893
2.024,57.0791064,7.13332138
2.028,56.6340994,6.81772469
2.032,56.6079625,6.64057212
2.036,55.6530341,6.41502746
2.04,55.3426244,6.08724223
2.044,54.3419484,5.94976958
2.048,53.271031,6.03655932
2.052,52.0092983,5.84647737
2.056,50.8440686,5.53876893
2.06,49.0455446,5.6410088
2.064,47.472803,5.86818473
2.068,46.0785005,5.76874393
2.072,44.3970462,6.03228016
2.076,42.7417891,6.41884086
2.08,41.3567354,6.69594576
2.084,39.2222286,7.05779749
2.088,37.5207077,7.51454782
2.092,35.9120143,7.96736903
2.096,34.3698055,8.16756252
2.1,32.6486868,9.14429185
2.104,31.2875,9.95028226
2.108,30.0747675,10.291788
2.112,28.5244692,10.8746597
2.116,27.1108741,11.5798315
2.12,26.1523723,12.2154345
2.124,25.1167671,12.7374637
2.128,23.9132301,13.2513957
2.132,22.7703452,13.999802
2.136,22.5362704,14.3591588
2.14,21.6695935,14.5911592
2.144,20.7833538,15.0796268
2.148,20.4998601,16.4498709
2.152,19.957662,16.9020225
2.156,19.5349439,17.4090033
2.16,18.7470544,18.6148272
2.164,18.2644585,19.0133342
2.168,17.839451,19.837863
2.172,17.4378693,21.1667861
2.176,17.0504473,22.1316261
2.18,16.71391,23.0144254
2.184,16.0208387,23.8598481
2.188,15.7483981,24.7197985
2.192,15.1725662,25.8921016
2.196,15.0604686,26.9134576
2.2,15.1038422,27.7226462
2.204,14.9461702,28.9316236
2.208,14.5853281,29.6629716
2.212,14.3576983,30.9117209
2.216,14.5296783,31.767948
2.22,14.6939223,32.6981832
2.224,14.5364098,33.4784294
2.228,14.2588991,35.0338614
2.232,14.6852655,36.1780368
2.236,14.9851058,37.4164186
2.24,15.1639235,38.6544155
2.244,15.2431017,40.0805377
2.248,15.3120212,40.8725829
2.252,15.3962006,41.9103443
2.256,15.2826375,43.4134698
2.26,15.1643604,44.6252161
2.264,15.1638931,45.6863394
2.268,14.9042947,46.702922
2.272,15.0553294,47.8939334
2.276,14.8855991,48.2886176
2.28,15.0501606,49.3735765
2.284,15.2094914,50.1081987
2.288,14.7192452,51.0224248
2.292,14.9782767,51.7578132
2.296,15.1087945,52.4602938
2.3,15.3824201,52.8043646
2.304,14.8125138,53.1882545
2.308,14.9994405,53.8201204
2.312,15.0617753,53.8503484
2.316,14.9149634,53.9298778
2.32,15.037754,53.8782189
2.324,15.274148,53.5320815
2.328,14.9215622,53.3368588
2.332,15.456859,52.5480708
2.336,15.5007419,51.9009501
2.34,15.7536124,51.2440088
2.344,15.7575836,50.5819199
2.348,16.0570305,49.8262531
2.352,16.1431571,48.0257274
2.356,16.3771364,46.8618838
2.36,16.7988091,45.4875705
2.364,17.3465366,44.1962347
2.368,16.9458998,42.7403323
2.372,17.9813983,41.1425974
2.376,17.6731818,39.5636815
2.38,18.1873497,37.6567214
2.384,18.2987703,36.4177859
2.388,18.519028,34.652159
2.392,18.8024475,32.9315552
2.396,19.0402389,31.6482507
2.4,19.6421677,29.6645974
2.404,19.6845013,28.5116898
2.408,20.4693281,26.8962721
2.412,20.6773239,25.3401275
2.416,20.9840316,24.4827978
2.42,21.1737793,23.1385074
2.424,21.7914116,21.9790777
2.428,22.4310001,20.6045994
2.432,22.6230761,19.6541327
2.436,23.2770779,18.7211669
2.44,23.9114221,18.1632576
2.444,24.5438177,17.4809572
2.448,24.9843238,16.7844972
2.452,26.2838085,16.2094544
2.456,27.1894235,15.8605553
2.46,28.2452971,15.4132585
2.464,29.3003239,14.9061545
2.468,30.3973494,14.6935482
2.472,31.5530434,13.7340481
2.476,32.7264888,13.325554
2.48,33.8579441,12.9843089
2.484,34.8516391,12.4786033
2.488,35.8619515,12.4016931
2.492,36.6973794,11.8147044
2.496,37.578277,11.4384414
2.5,38.0727073,11.1820203
2.504,38.4394405,10.9356921
2.508,38.1549862,10.7025598
2.512,37.6557251,10.4792813
2.516,37.3347839,10.6813728
2.52,36.8011043,10.374326
2.524,35.6091396,10.2359324
2.528,34.2926111,10.3353604
2.532,32.7306892,10.2975378
2.536,31.0247921,10.0772273
2.54,28.8986829,10.6676982
2.544,27.6997929,11.0190872
2.548,25.2143126,10.8614774
2.552,23.4747233,11.2355259
2.556,21.5537192,11.531782
2.56,20.1173359,11.7301834
2.564,18.3549725,12.0667959
2.568,17.0413583,12.7051173
2.572,15.7352481,13.0892935
2.576,14.7898671,13.3869967
2.58,13.6848137,13.8814097
2.584,13.3304019,14.2357576
2.588,12.753488,15.0831044
2.592,12.445199,16.0633231
2.596,11.9383832,16.9002268
2.6,11.3990658,17.6306735
2.604,11.5006024,18.0792788
2.608,11.394942,18.8924139
2.612,11.3271968,19.8547277
2.616,10.8156409,20.3604809
2.62,10.8936403,20.8557069
2.624,11.1143114,22.0049318
2.628,11.2927339,22.0896832
2.632,11.140681,23.2520466
2.636,11.4973968,23.5427316
2.64,11.6671157,24.2382634
2.644,11.9057695,24.52551
2.648,12.0268916,24.8730374
2.652,12.3751279,25.4030288
2.656,12.7850222,25.7093346
2.66,12.8236772,26.2060819
2.664,13.3627256,26.271194
2.668,13.7785993,26.6316161
2.672,13.9973485,26.8686218
2.676,14.4747305,27.1545281
2.68,14.7040213,26.8877814
2.684,15.2141488,27.1660652
2.688,15.6838655,27.5203644
2.692,15.86985,27.0835201
2.696,16.0775891,26.8688608
2.7,16.1053204,26.6141752
2.704,16.2958891,25.9729036
2.708,16.9997836,25.7603706
2.712,17.1222393,25.0731202
2.716,17.4574841,24.3929086
2.72,17.1675292,23.5729547
2.724,17.5442908,22.6781492
2.728,17.5282984,22.0012
2.732,17.4919743,21.095877
2.736,17.9611126,20.3784049
2.74,17.8609056,19.3389728
2.744,18.0165982,18.6467066
2.748,18.4048438,17.7144215
2.752,18.2382999,17.002865
2.756,18.5052604,15.9530891
2.76,18.5377845,15.1950163
2.764,18.8667065,14.2935089
2.768,19.1235578,13.3421997
2.772,18.9281549,12.797437
2.776,19.1970124,12.286197
2.78,19.5323543,11.3622048
2.784,19.7865827,10.7311713
2.788,19.9405313,10.3431203
2.792,20.4846422,9.82590577
2.796,20.62538,9.26177633
2.8,20.4285197,8.81337515
2.804,20.4570479,8.15439833
2.808,20.8725422,8.07812838
2.812,20.8756237,7.8100469
2.816,20.8225795,6.96011746
2.82,21.2317314,6.71488984
2.824,21.0274523,6.55925533
2.828,21.1144323,6.48155098
2.832,21.2205503,6.28872294
2.836,20.86248,5.67565749
2.84,20.8969197,5.48654407
2.844,21.4980672,6.01008185
2.848,21.425973,6.00398022
2.852,21.169506,5.74273896
2.856,21.1933979,5.75067389
2.86,21.2980767,5.91311301
2.864,21.3753559,5.82891287
2.868,21.8262328,6.25675456
2.872,21.7450197,6.18593648
2.876,21.8441363,6.20715988
2.88,22.056539,6.76153759
2.884,21.9357092,6.98605102
2.888,22.1581412,7.12694921
2.892,22.3381251,7.14526953
2.896,22.6132828,7.56432964
2.9,22.8371562,7.73485347
2.904,22.8897055,7.55712313
2.908,22.7589192,8.25917522
2.912,23.0281198,8.0701083
2.916,23.0093366,8.02308916
2.92,23.4584285,8.17943024
2.924,23.2092684,8.22835716
2.928,23.0383126,8.48253382
2.932,23.2138278,8.30780318
2.936,23.4019533,7.99139106
2.94,22.964792,7.86686555
2.944,22.6539735,7.75413442
2.948,22.2166082,7.8743567
2.952,21.9579838,7.81374839
2.956,21.8784859,7.64021067
2.96,21.375597,7.81485634
2.964,21.5445524,7.25829332
2.968,21.1419195,7.52173757
2.972,21.043527,7.05988612
2.976,20.8765359,6.9926712
2.98,20.8309146,7.04679946
2.984,20.4884902,6.89831567
2.988,20.3185948,7.06794968
2.992,20.5221652,6.57437008
2.996,20.1123246,6.50910089
3,19.8138367,6.23104304
3.004,19.7454256,6.19484568
3.008,19.5285428,5.87187495
3.012,19.132342,5.94939202
3.016,19.3678884,5.32104075
3.02,18.8850206,5.67612025
3.024,18.4553539,5.07643958
3.028,18.2136682,4.7793611
3.032,17.9033211,4.47433703
3.036,17.731807,4.56074579
3.04,17.387412,3.93226045
3.044,16.7950999,3.59981715
3.048,16.6626843,3.45440367
3.052,16.6590925,3.86186317
3.056,16.2255062,3.00301678
3.06,16.0275599,2.74790408
3.064,15.694236,2.54069195
3.068,15.5359748,2.79890848
