Time / s,0.5 mM,1 mM,2 mM
0.02,0.547597885,1.05692702,2.07465965
0.0418214936,0.383625597,0.734924926,1.44045031
0.0636429872,0.311508577,0.598463475,1.16860831
0.0854644809,0.269644648,0.514312873,1.00736583
0.107285974,0.239088564,0.458018177,0.897713243
0.129107468,0.215107279,0.415942227,0.817285997
0.150928962,0.198788736,0.383091188,0.754497908
0.172750455,0.183915482,0.357525521,0.703876513
0.194571949,0.172220984,0.336165518,0.662576127
0.216393443,0.162821962,0.317564895,0.626346008
0.238214936,0.153951837,0.301140252,0.596190352
0.26003643,0.146410909,0.286924471,0.570225412
0.281857923,0.139705844,0.274764366,0.54769074
0.303679417,0.134617902,0.265763785,0.52594146
0.325500911,0.129787096,0.25570632,0.507772575
0.347322404,0.124940556,0.246479734,0.491143647
0.369143898,0.120054579,0.238431113,0.477743526
0.390965392,0.116045288,0.232454244,0.462477704
0.412786885,0.113827055,0.225027654,0.449763342
0.434608379,0.110938925,0.218381323,0.437963701
0.456429872,0.107414401,0.214789208,0.42785986
0.478251366,0.104661097,0.208862925,0.416994472
0.50007286,0.102098183,0.204547862,0.408050594
0.521894353,0.100804762,0.200243363,0.398735073
0.543715847,0.0981009839,0.195676457,0.391468964
0.565537341,0.0965414112,0.191178691,0.38328
0.587358834,0.0944888557,0.187829318,0.376682556
0.609180328,0.0919353309,0.186073894,0.369659242
0.631001821,0.0905769768,0.181344807,0.363883807
0.652823315,0.0898298758,0.178172718,0.357671575
0.674644809,0.0877724204,0.175444639,0.350773938
0.696466302,0.0857775565,0.172704602,0.3458015
0.718287796,0.0848172133,0.170100201,0.340283833
0.74010929,0.0841290284,0.166946264,0.334916292
0.761930783,0.0827572036,0.164902028,0.330369848
0.783752277,0.0820993371,0.162502908,0.324783602
0.80557377,0.0803015633,0.160956432,0.320688574
0.827395264,0.0789307666,0.158587825,0.316556423
0.849216758,0.0768245433,0.155939261,0.312480407
0.871038251,0.0767663891,0.156138725,0.308876878
0.892859745,0.0760613647,0.152853769,0.304306901
0.914681239,0.0757113363,0.150173046,0.300632489
0.936502732,0.0739643454,0.149059775,0.297652426
0.958324226,0.0743175949,0.148284719,0.294100135
0.980145719,0.073038277,0.145149428,0.290306396
1.00196721,0.072851664,0.143727402,0.287717389
1.02378871,0.0712937497,0.142538058,0.284195417
1.0456102,0.0705821216,0.140284958,0.281482893
1.06743169,0.0690282211,0.13904423,0.278122634
1.08925319,0.0682135927,0.137338193,0.276266955
1.11107468,0.0694604686,0.136979871,0.272654193
1.13289617,0.068527985,0.134849119,0.270473832
1.15471767,0.0673589927,0.133878047,0.267188266
1.17653916,0.0663015091,0.131675728,0.265131324
1.19836066,0.065465862,0.131079452,0.263443438
1.22018215,0.0642164887,0.13010272,0.261735253
1.24200364,0.064984718,0.128731513,0.258390845
1.26382514,0.0640737041,0.127430062,0.256501309
1.28564663,0.0628836576,0.125860786,0.253682124
1.30746812,0.0630865563,0.125729507,0.252542011
1.32928962,0.0627517433,0.124241448,0.250116892
1.35111111,0.0630105899,0.123600461,0.24821764
1.3729326,0.0617072473,0.123854641,0.246307632
1.3947541,0.0619109694,0.121866982,0.245021938
1.41657559,0.0598778633,0.120820234,0.241496161
1.43839709,0.0599544823,0.120442623,0.240272921
1.46021858,0.0604659486,0.119653274,0.238063616
1.48204007,0.0590446371,0.118267605,0.23668747
1.50386157,0.0587702716,0.115747313,0.234060976
1.52568306,0.0590045948,0.117134646,0.232900338
1.54750455,0.0575416925,0.11525171,0.231406308
1.56932605,0.0562397828,0.113658704,0.2296755
1.59114754,0.0560056276,0.114292554,0.228655357
1.61296903,0.0576745514,0.113884054,0.226979606
1.63479053,0.0564949872,0.112458962,0.224378243
1.65661202,0.0557886621,0.112097543,0.224503075
1.67843352,0.0549908546,0.111332243,0.222343036
1.70025501,0.0568843333,0.111026204,0.220422033
1.7220765,0.0551364719,0.109984432,0.220051351
1.743898,0.0555757754,0.108734284,0.218461259
1.76571949,0.0543463864,0.108824779,0.216761025
1.78754098,0.0530333919,0.107915387,0.215105551
1.80936248,0.0537877034,0.107392891,0.214932015
1.83118397,0.052655552,0.106927713,0.212523759
1.85300546,0.0531039875,0.105564981,0.210886451
1.87482696,0.0519057058,0.10592088,0.210048435
1.89664845,0.0521742128,0.104240034,0.210302018
1.91846995,0.0517515661,0.103744941,0.207592496
1.94029144,0.0511300682,0.103735902,0.206623197
1.96211293,0.0515557282,0.10260502,0.206170848
1.98393443,0.0527088302,0.102234896,0.204204041
2.00575592,0.0505740869,0.102225556,0.204491457
2.02757741,0.0504485103,0.100664098,0.201887024
2.04939891,0.0501618531,0.100368244,0.200603198
2.0712204,0.050443467,0.0995265865,0.199854137
2.09304189,0.0491832873,0.0998169591,0.199822541
2.11486339,0.0495987398,0.0994112234,0.19760237
2.13668488,0.0503908903,0.0972918784,0.196548092
2.15850638,0.0488808224,0.0978088873,0.1958842
2.18032787,0.0488018314,0.097858235,0.195094426
2.20214936,0.048264187,0.0969058411,0.194280134
2.22397086,0.0479814256,0.0963604208,0.192675445
2.24579235,0.0486144167,0.0955720044,0.192078005
2.26761384,0.0475294601,0.0960497949,0.191683062
2.28943534,0.0479355047,0.0955860515,0.189662482
2.31125683,0.0462926555,0.094947955,0.189374238
2.33307832,0.0475415136,0.0933740319,0.187661161
2.35489982,0.0463751851,0.0935820166,0.187088613
2.37672131,0.0470870355,0.0937005102,0.186361867
2.39854281,0.0464414257,0.0927077628,0.185754462
2.4203643,0.0465994678,0.0917920077,0.184183455
2.44218579,0.0461041743,0.0920027471,0.184225442
2.46400729,0.0457887955,0.0929987897,0.18347409
2.48582878,0.0454771296,0.091070082,0.181990311
2.50765027,0.045706722,0.0910511511,0.181694679
2.52947177,0.0455927051,0.0910449699,0.18129392
2.55129326,0.0447876148,0.0895103745,0.180725364
2.57311475,0.0437793284,0.0898127176,0.179901556
2.59493625,0.0442874025,0.089546299,0.178652009
2.61675774,0.0447304342,0.0894301788,0.177787025
2.63857923,0.0445997189,0.088804268,0.177473785
2.66040073,0.0432178795,0.0885442708,0.176737183
2.68222222,0.0449586286,0.0872935791,0.17596908
2.70404372,0.0437761848,0.08723045,0.175766177
2.72586521,0.044442156,0.0869161439,0.17526496
2.7476867,0.0428629169,0.0866639349,0.17409364
2.7695082,0.0440240956,0.0865351511,0.172952421
2.79132969,0.0431971222,0.0851981182,0.172141607
2.81315118,0.0426980429,0.0866457191,0.171957629
2.83497268,0.04276845,0.0853873491,0.172033425
2.85679417,0.0423335853,0.0847457858,0.170577895
2.87861566,0.0419546699,0.0848464375,0.169148932
2.90043716,0.041921475,0.0843434497,0.16870737
2.92225865,0.0417933026,0.0845066822,0.168537613
2.94408015,0.0415253146,0.0839721901,0.167243551
2.96590164,0.0409552983,0.0832852156,0.167104571
2.98772313,0.0421291876,0.0839242224,0.167191745
3.00954463,0.0413761903,0.0829980489,0.166923713
3.03136612,0.0417740527,0.0828528572,0.165659816
3.05318761,0.0412430405,0.0821384537,0.164745807
3.07500911,0.0404540743,0.0822921681,0.163756078
3.0968306,0.0410828747,0.0826388943,0.163906793
3.11865209,0.0403423599,0.0812726756,0.161559832
3.14047359,0.0399499466,0.0811765531,0.163245351
3.16229508,0.0409199751,0.081720728,0.162643642
3.18411658,0.040821591,0.0805259705,0.161593421
3.20593807,0.0391935966,0.0812795188,0.160861819
3.22775956,0.0399608288,0.0795571675,0.159885594
3.24958106,0.0394911393,0.079716486,0.159544974
3.27140255,0.039352011,0.0789679116,0.15889312
3.29322404,0.040662078,0.0781911596,0.158543449
3.31504554,0.0390488589,0.0786810454,0.158194124
3.33686703,0.0392636962,0.078078808,0.158149556
3.35868852,0.0393168066,0.0786603051,0.156928665
3.38051002,0.0388098824,0.0782888897,0.157625911
3.40233151,0.0386625004,0.0791962307,0.155499464
3.42415301,0.0391107051,0.0785702822,0.156605011
3.4459745,0.0394299704,0.0773240182,0.154885372
3.46779599,0.0384247517,0.0777859715,0.153737774
3.48961749,0.0378766542,0.076554056,0.154464007
3.51143898,0.0392452173,0.0764855077,0.153119964
3.53326047,0.0379891353,0.076968867,0.153074226
3.55508197,0.0381495533,0.0764369617,0.152787898
3.57690346,0.0376432674,0.0756559943,0.151868671
3.59872495,0.0383739534,0.0756065866,0.15328702
3.62054645,0.0385471075,0.0760905155,0.1515039
3.64236794,0.0375892956,0.0755621941,0.149861269
3.66418944,0.0379900516,0.0739979656,0.150131084
3.68601093,0.0375258713,0.0749620086,0.150699437
3.70783242,0.0363088418,0.0744932925,0.14905849
3.72965392,0.0369248668,0.07450473,0.149149734
3.75147541,0.0364832798,0.0747837765,0.148983682
3.7732969,0.0375482751,0.0743663377,0.148384457
3.7951184,0.0365392207,0.0738774712,0.148504976
3.81693989,0.0361461508,0.073621347,0.147627436
3.83876138,0.0368681162,0.0733721982,0.14776814
3.86058288,0.0364444538,0.0728544659,0.146706738
3.88240437,0.0364631497,0.0731287936,0.146502021
3.90422587,0.0368138631,0.0722794424,0.145654033
3.92604736,0.0364208351,0.0727852308,0.144685636
3.94786885,0.0360730118,0.0720953766,0.14429711
3.96969035,0.035945036,0.0728983088,0.144339276
3.99151184,0.0355389846,0.0715430868,0.1438069
4.01333333,0.0363946034,0.0720752299,0.144253761
4.03515483,0.0353035511,0.0711682053,0.142627373
4.05697632,0.0348778581,0.0707532883,0.141700977
4.07879781,0.0350062659,0.0708574127,0.142264118
4.10061931,0.0361207445,0.07184684,0.143153928
4.1224408,0.0365522185,0.0715214131,0.141812086
4.1442623,0.0362680411,0.0706161646,0.141585628
4.16608379,0.0355828175,0.0707711724,0.140449688
4.18790528,0.035117356,0.0702568141,0.141724114
4.20972678,0.0357496726,0.0711021798,0.14102813
4.23154827,0.0360810142,0.0696434705,0.140224199
4.25336976,0.0351164004,0.0698578577,0.139860232
4.27519126,0.0354154373,0.0693939041,0.139227631
4.29701275,0.0348993908,0.0704419477,0.139179444
4.31883424,0.0339917852,0.0696889942,0.138854943
4.34065574,0.0351544166,0.0697193417,0.13854318
4.36247723,0.0346606977,0.06889975,0.138122585
4.38429872,0.0346138765,0.068228871,0.137626718
4.40612022,0.034055258,0.068604172,0.137231731
4.42794171,0.0338584811,0.0690456416,0.135992825
4.44976321,0.0344595015,0.0682753217,0.136801618
4.4715847,0.0335913388,0.0680590617,0.136336923
4.49340619,0.0344803394,0.0675038757,0.13669617
4.51522769,0.034863082,0.0680473165,0.135668078
4.53704918,0.0337433998,0.0677531805,0.134505199
4.55887067,0.0345112886,0.0671259967,0.135681499
4.58069217,0.0334049852,0.0672411002,0.134445692
4.60251366,0.0331466376,0.0674251117,0.134192804
4.62433515,0.0328059055,0.0663475174,0.134132901
4.64615665,0.0343386582,0.0669279883,0.133390019
4.66797814,0.0332108957,0.0667001179,0.133253807
4.68979964,0.0324777751,0.0662744472,0.132832558
4.71162113,0.0329557857,0.0662065561,0.132191162
4.73344262,0.0334626245,0.0660735408,0.132698503
4.75526412,0.0331603205,0.0661972568,0.133169298
4.77708561,0.032539945,0.0662310131,0.131074983
4.7989071,0.0343353739,0.0657691647,0.131992646
4.8207286,0.0333678913,0.0654144597,0.13074277
4.84255009,0.032559482,0.0653077903,0.13207488
4.86437158,0.0327116691,0.0645311188,0.130514272
4.88619308,0.031946294,0.0651416938,0.130100094
4.90801457,0.032473501,0.0657303405,0.13073868
4.92983607,0.0334876629,0.06466386,0.129032069
4.95165756,0.0332128692,0.0642877123,0.129768736
4.97347905,0.0319715618,0.0647186731,0.129484322
4.99530055,0.0323395824,0.064173504,0.128343221
5.01712204,0.0322963483,0.0652415517,0.128551211
5.03894353,0.0326175811,0.0634186784,0.128442839
5.06076503,0.0316653835,0.063506788,0.127234263
5.08258652,0.0303906152,0.0636805868,0.127876952
5.10440801,0.0315944963,0.0639329115,0.127631704
5.12622951,0.0311567313,0.0635548863,0.127320788
5.148051,0.031707857,0.0635699531,0.126884118
5.1698725,0.0310137851,0.0647333207,0.126839231
5.19169399,0.031070976,0.063065256,0.12570033
5.21351548,0.0316306643,0.0631901813,0.12541599
5.23533698,0.0313856367,0.0632850863,0.126439298
5.25715847,0.0308589012,0.0639204704,0.125355855
5.27897996,0.0313936811,0.0631500972,0.125548178
5.30080146,0.0312334698,0.0632471826,0.124488338
5.32262295,0.0305016301,0.0620447718,0.125256682
5.34444444,0.0316453223,0.0622651763,0.124152534
5.36626594,0.0311585732,0.0621570393,0.124156886
5.38808743,0.0312296669,0.0623301194,0.123879723
5.40990893,0.0307731893,0.0612420283,0.124439876
5.43173042,0.0301127262,0.0604620155,0.123475612
5.45355191,0.0293470814,0.0608249061,0.122411655
5.47537341,0.0312183892,0.0612913602,0.124050001
5.4971949,0.0313427524,0.0612588099,0.121838686
5.51901639,0.0306228326,0.0605985046,0.122506839
5.54083789,0.0301287899,0.0621417237,0.122280496
5.56265938,0.0308473275,0.0608091629,0.121403019
5.58448087,0.0310008206,0.0615421204,0.121711795
5.60630237,0.0299988405,0.0609914311,0.121272675
5.62812386,0.0297980861,0.0603819606,0.121103502
5.64994536,0.0308040226,0.0606138718,0.121936881
5.67176685,0.0299383736,0.0606829543,0.121196965
5.69358834,0.0297328644,0.0606301778,0.121235729
5.71540984,0.0299231292,0.0596817831,0.12069619
5.73723133,0.0298312199,0.0604620966,0.120825366
5.75905282,0.0302167316,0.0587223841,0.11985836
5.78087432,0.0295046082,0.059735358,0.120162775
5.80269581,0.0304958096,0.0597137938,0.119220427
5.8245173,0.0287779468,0.0589515956,0.119166508
5.8463388,0.0290440444,0.059815437,0.119154979
5.86816029,0.0299223163,0.0595469133,0.118750142
5.88998179,0.0304435163,0.0589791269,0.118305654
5.91180328,0.0295368137,0.059971137,0.11838336
5.93362477,0.0299315357,0.0602164957,0.119488698
5.95544627,0.0296865933,0.0581055209,0.117132765
5.97726776,0.028507229,0.0593464841,0.118581961
5.99908925,0.0287122527,0.0588990384,0.117455329
6.02091075,0.0300157506,0.056622384,0.117337116
6.04273224,0.0300483685,0.0590061451,0.11814773
6.06455373,0.0287612329,0.0581385794,0.116920155
6.08637523,0.028751856,0.058657551,0.11604143
6.10819672,0.0293869486,0.0590300752,0.116633374
6.13001821,0.0293204296,0.0589130755,0.115723133
6.15183971,0.0299477566,0.058514667,0.115970964
6.1736612,0.0289293809,0.0581623784,0.116373222
6.1954827,0.0288607214,0.0572716358,0.115906095
6.21730419,0.0287809893,0.058064464,0.115245517
6.23912568,0.0279778866,0.0575034247,0.115964602
6.26094718,0.0281127838,0.0568384191,0.114940223
6.28276867,0.0289828064,0.0574778302,0.11548219
6.30459016,0.0287767012,0.05774197,0.115216417
6.32641166,0.0284416051,0.0577545965,0.11516807
6.34823315,0.0289050203,0.0575658124,0.114660723
6.37005464,0.0275771386,0.0569753683,0.113975534
6.39187614,0.0289735247,0.0565495508,0.114329893
6.41369763,0.028689852,0.0569757567,0.114234559
6.43551913,0.0281619946,0.0569487265,0.112715713
6.45734062,0.0279476658,0.057186667,0.113571995
6.47916211,0.0276530703,0.0566580418,0.114526666
6.50098361,0.0278361691,0.0563624611,0.114119694
6.5228051,0.0274943755,0.0558563339,0.112861747
6.54462659,0.027840318,0.0567723278,0.112724364
6.56644809,0.0282718148,0.055956671,0.113387764
6.58826958,0.0288783986,0.0554506697,0.113087648
6.61009107,0.0287577428,0.0561977493,0.112103226
6.63191257,0.0280515715,0.0564050713,0.112161191
6.65373406,0.0282775041,0.0563596589,0.112704981
6.67555556,0.0277179024,0.0567738921,0.111726874
6.69737705,0.0276544857,0.0556118411,0.112140169
6.71919854,0.0269582465,0.0560835995,0.110721823
6.74102004,0.0273772043,0.0558006115,0.110291425
6.76284153,0.0282179613,0.0566408541,0.111036334
6.78466302,0.0281067211,0.0550858042,0.110485249
6.80648452,0.027388867,0.0563109222,0.111815931
6.82830601,0.0270939538,0.0555135678,0.110054059
6.8501275,0.0275128373,0.0545032799,0.110875515
6.871949,0.0271625791,0.0555521467,0.110845648
6.89377049,0.0269791804,0.055491663,0.109911123
6.91559199,0.0275865865,0.054741621,0.110479673
6.93741348,0.0279871454,0.0547327734,0.109045778
6.95923497,0.0277018897,0.0548328753,0.108548505
6.98105647,0.0272876309,0.0557865167,0.108509272
7.00287796,0.0279149944,0.0550142625,0.1091188
7.02469945,0.02692707,0.0535268103,0.109276918
7.04652095,0.027554095,0.0542010944,0.108794254
7.06834244,0.026214813,0.0541430828,0.109196142
7.09016393,0.0265750348,0.0541976152,0.108107749
7.11198543,0.027278817,0.0539184242,0.106681995
7.13380692,0.0273681829,0.0537920538,0.108128502
7.15562842,0.0272292785,0.0542538634,0.107932588
7.17744991,0.0267529765,0.0540196584,0.10841722
7.1992714,0.0271246112,0.0533762347,0.106909796
7.2210929,0.0263512393,0.0544375535,0.107661742
7.24291439,0.0267905536,0.0532814647,0.106507915
7.26473588,0.0269190969,0.05377338,0.108114967
7.28655738,0.0273861444,0.0528668311,0.107151265
7.30837887,0.0259866517,0.0540292413,0.106368374
7.33020036,0.0258307388,0.0535882185,0.105515735
7.35202186,0.0270934945,0.0521279087,0.105778832
7.37384335,0.0263723334,0.0532484981,0.105332378
7.39566485,0.0267046274,0.0534867369,0.105515037
7.41748634,0.026887958,0.0528381983,0.10590752
7.43930783,0.0257866306,0.0534817944,0.105867567
7.46112933,0.0252958392,0.0529058456,0.104880798
7.48295082,0.0267137526,0.0524743191,0.104299341
7.50477231,0.0258924438,0.0534883479,0.104868639
7.52659381,0.0265629204,0.0533074439,0.105678738
7.5484153,0.0263151209,0.0521672577,0.104979879
7.57023679,0.0255415687,0.0524073084,0.105166263
7.59205829,0.0261617703,0.0534795648,0.10426196
7.61387978,0.0261403756,0.0533161078,0.103916219
7.63570128,0.0266876653,0.0522711965,0.104489365
7.65752277,0.0257919248,0.0521183795,0.103503771
7.67934426,0.0253651491,0.0510968269,0.103920531
7.70116576,0.0265548173,0.0518598905,0.104363069
7.72298725,0.0259557678,0.0516878643,0.104441639
7.74480874,0.0250408184,0.0515495925,0.104211344
7.76663024,0.0257446528,0.0518074991,0.104049964
7.78845173,0.0260395409,0.0507129798,0.104610287
7.81027322,0.0263058374,0.0518513527,0.102325949
7.83209472,0.0247283556,0.0511902114,0.102920355
7.85391621,0.0256199356,0.0515215508,0.102552747
7.8757377,0.0265431788,0.0510463634,0.102215004
7.8975592,0.0259051965,0.0514053449,0.103487484
7.91938069,0.0252809826,0.0511296306,0.102715002
7.94120219,0.0254497804,0.0513478028,0.102204704
7.96302368,0.0258804773,0.0518440686,0.102537162
7.98484517,0.0260133097,0.0496060753,0.101978293
8.00666667,0.0252545124,0.0511967494,0.10145494
8.02848816,0.0252438696,0.051257383,0.100577602
8.05030965,0.0256781981,0.0507121257,0.102215269
8.07213115,0.0245708761,0.0499620799,0.101751081
8.09395264,0.0256112567,0.0505767445,0.101897723
8.11577413,0.0254281072,0.0512649197,0.101705276
8.13759563,0.0251975625,0.0513353177,0.100561505
8.15941712,0.0250449926,0.0501513566,0.101747357
8.18123862,0.0260416855,0.0506104461,0.100685212
8.20306011,0.0255184339,0.0511820813,0.101133148
8.2248816,0.0248071222,0.050552351,0.1003421
8.2467031,0.0246423004,0.0495799881,0.100335298
8.26852459,0.0245595304,0.0497315253,0.0999048478
8.29034608,0.0250961098,0.0504808674,0.100040816
8.31216758,0.0254452057,0.0493266193,0.099046483
8.33398907,0.0245763495,0.049427706,0.0996927483
8.35581056,0.0245741363,0.0494635324,0.0996713376
8.37763206,0.0246730592,0.0490277395,0.0985871663
8.39945355,0.0245049815,0.0499742507,0.0991998507
8.42127505,0.0250852366,0.0496712355,0.0987142691
8.44309654,0.0248915782,0.0498574589,0.09857017
8.46491803,0.0248236118,0.0489580341,0.0990696782
8.48673953,0.0244268318,0.0502042604,0.0995534972
8.50856102,0.0247034221,0.049263112,0.0996102361
8.53038251,0.024514092,0.0490914992,0.0989775301
8.55220401,0.0258397691,0.0489329416,0.0985814653
8.5740255,0.0242429767,0.0481463601,0.0987738329
8.59584699,0.0240635433,0.0485659747,0.0980488334
8.61766849,0.0244320014,0.0485851494,0.0988234156
8.63948998,0.0248615531,0.0483169387,0.098334361
8.66131148,0.0250902989,0.0483895189,0.0970249327
8.68313297,0.0231642969,0.049226038,0.0985833192
8.70495446,0.0246519523,0.0485624973,0.0983000447
8.72677596,0.0243323627,0.0491014204,0.0975742256
8.74859745,0.0240707669,0.048844853,0.0965577928
8.77041894,0.0244244032,0.0483600236,0.0975591521
8.79224044,0.0241114674,0.0471323149,0.0977741923
8.81406193,0.0235024407,0.0487115049,0.0978436333
8.83588342,0.0235079842,0.0486784393,0.0984100444
8.85770492,0.0246254253,0.0484277985,0.095885353
8.87952641,0.0235284942,0.0485332791,0.0965913602
8.90134791,0.0245504598,0.0485131261,0.0961279754
8.9231694,0.0234325312,0.0480193687,0.0960801841
8.94499089,0.0235740045,0.0474568613,0.0957243119
8.96681239,0.0251579183,0.0487178045,0.0964124483
8.98863388,0.0243256671,0.0476426726,0.0958748538
9.01045537,0.0245281898,0.0483649271,0.0955528971
9.03227687,0.0245075549,0.0482308103,0.0963458678
9.05409836,0.0237897804,0.0483925471,0.0951429173
9.07591985,0.024669904,0.0474430846,0.0953759901
9.09774135,0.0244220157,0.0478733776,0.0955969081
9.11956284,0.0237375781,0.0474392791,0.0950280026
9.14138434,0.023768477,0.048254358,0.0946912565
9.16320583,0.0241104917,0.048443723,0.0956194665
9.18502732,0.0243136172,0.0463079841,0.0952817169
9.20684882,0.0246698436,0.047236897,0.0942266249
9.22867031,0.0231665372,0.0468875654,0.0950584614
9.2504918,0.0246940604,0.0467937289,0.0947339451
9.2723133,0.0241046245,0.0466519083,0.0944551076
9.29413479,0.0231256633,0.0471101339,0.0943516965
9.31595628,0.0226585948,0.047747877,0.0949661121
9.33777778,0.0230062459,0.046831675,0.0948932081
9.35959927,0.0237583881,0.0476177043,0.094317072
9.38142077,0.0237095167,0.0476417054,0.0932482658
9.40324226,0.0223089087,0.0465955048,0.0943359099
9.42506375,0.0226784087,0.0471194869,0.093674554
9.44688525,0.0233094097,0.0468723277,0.0938251726
9.46870674,0.0230181257,0.0467716484,0.0934699097
9.49052823,0.0235433619,0.0469153953,0.0937718265
9.51234973,0.0237702646,0.0471044409,0.0934232152
9.53417122,0.0229924843,0.0468441939,0.0925355774
9.55599271,0.023645174,0.046996292,0.0928013434
9.57781421,0.0235026289,0.0462746956,0.0928826997
9.5996357,0.022982456,0.0456636465,0.0934448761
9.62145719,0.0236272614,0.0469608794,0.0939246296
9.64327869,0.0224231391,0.0455765981,0.0934576177
9.66510018,0.0239459661,0.0466540524,0.0925269573
9.68692168,0.0228116247,0.0461529711,0.0926872138
9.70874317,0.0234756725,0.0460609875,0.0918420181
9.73056466,0.0232997785,0.0453265523,0.0923597618
9.75238616,0.0225254681,0.0448521527,0.0926160239
9.77420765,0.0234515426,0.0462054605,0.0917547012
9.79602914,0.0229508456,0.0462340786,0.0923971815
9.81785064,0.0237996088,0.0460159777,0.0911878132
9.83967213,0.0239200737,0.0461784885,0.0917533318
9.86149362,0.0226128919,0.0449535791,0.0915908151
9.88331512,0.0232214071,0.0456915097,0.0915720627
9.90513661,0.0227619405,0.0463226831,0.0917626308
9.92695811,0.0225419872,0.045978397,0.0906129391
9.9487796,0.0231355908,0.0457755277,0.0926858906
9.97060109,0.02265829,0.0458020476,0.091779937
9.99242259,0.0233016068,0.0453312311,0.0916330571
10.0142441,0.0227173172,0.0460306198,0.09070537
10.0360656,0.0220770767,0.0455382306,0.0903425917
10.0578871,0.0225166105,0.0450823491,0.0909358021
10.0797086,0.0227308543,0.0448861418,0.0913938934
10.1015301,0.0238791046,0.0456859635,0.0911322305
10.1233515,0.022454214,0.0458953615,0.0920138736
10.145173,0.0228184958,0.0448192386,0.0892837476
10.1669945,0.0233100655,0.0444629605,0.0902353331
10.188816,0.0229318404,0.0450536372,0.0899139619
10.2106375,0.0215059426,0.0447543967,0.0892074682
10.232459,0.0232124466,0.0445951588,0.0893674514
10.2542805,0.0218083548,0.0462584133,0.0891692186
10.276102,0.0230694825,0.0449573325,0.0905087926
10.2979235,0.0221322014,0.0444859411,0.0902946767
10.319745,0.0221148179,0.0451203686,0.0890723312
10.3415665,0.0215193749,0.0456285263,0.0894161615
10.363388,0.0220278416,0.0451203468,0.0895092602
10.3852095,0.0223705355,0.0452402343,0.0891960925
10.407031,0.0221246877,0.0448507272,0.0893734835
10.4288525,0.0226454518,0.0448429604,0.0893783512
10.450674,0.0218401834,0.0443297488,0.0884759801
10.4724954,0.0229263483,0.0448645511,0.0886734546
10.4943169,0.0214175059,0.0447301244,0.0897728877
10.5161384,0.0226141708,0.0446797192,0.0899812206
10.5379599,0.0224211337,0.044337149,0.0888169068
10.5597814,0.0225236399,0.0441683235,0.0887051681
10.5816029,0.021908616,0.0448554999,0.0889058803
10.6034244,0.0221308999,0.0440676447,0.0882723427
10.6252459,0.0217916258,0.0443660973,0.0888366997
10.6470674,0.0218328402,0.0445372949,0.0875973795
10.6688889,0.0219927228,0.0442619673,0.0873172909
10.6907104,0.0214762037,0.0434742653,0.0884463997
10.7125319,0.0213535599,0.0440990861,0.0881366391
10.7343534,0.0216857741,0.0438524264,0.0882625375
10.7561749,0.0216128096,0.0425835223,0.0882111467
10.7779964,0.0224571506,0.0442935495,0.0888019437
10.7998179,0.0218450165,0.0426656853,0.0874398891
10.8216393,0.0213677219,0.0441427645,0.0878231081
10.8434608,0.0207394518,0.0441063622,0.087670135
10.8652823,0.0214365402,0.0432428573,0.0867461054
10.8871038,0.0215186937,0.042678244,0.0861589633
10.9089253,0.0225676502,0.0441917659,0.0872727651
10.9307468,0.0211131002,0.0436055593,0.0871023042
10.9525683,0.0215842095,0.0428938792,0.0866163791
10.9743898,0.0215436683,0.0434583139,0.0868030275
10.9962113,0.0212385254,0.0427473519,0.0873918141
11.0180328,0.0205728443,0.0422880861,0.0865211954
11.0398543,0.0218923276,0.0438800572,0.0861636705
11.0616758,0.0212891508,0.0431810973,0.0861582523
11.0834973,0.0218680011,0.0435387202,0.0866347187
11.1053188,0.021460849,0.043038528,0.0862770643
11.1271403,0.0209078318,0.0429752771,0.0853729984
11.1489617,0.0215946985,0.0425797194,0.0863789081
11.1707832,0.0216906816,0.0439230384,0.0857292769
11.1926047,0.0211377495,0.0419985116,0.0851610191
11.2144262,0.0214705997,0.0427010526,0.0852934751
11.2362477,0.0208832024,0.0426256585,0.0861116954
11.2580692,0.0213905619,0.0435706802,0.0847037582
11.2798907,0.0208920462,0.0428930512,0.0864218251
11.3017122,0.0215870505,0.0421606779,0.0868021184
11.3235337,0.0213659999,0.0431209278,0.0848254919
11.3453552,0.021560606,0.0430318032,0.0862835238
11.3671767,0.021034627,0.0422484431,0.0852984211
11.3889982,0.0215581944,0.0411916077,0.0857014282
11.4108197,0.0218503816,0.042884738,0.0859566267
11.4326412,0.0206984709,0.0418362684,0.0854177816
11.4544627,0.0207066521,0.0426106041,0.0844771201
11.4762842,0.021595296,0.0424838562,0.0861418072
11.4981056,0.0208330016,0.0411305569,0.0853440367
11.5199271,0.0223515223,0.0416891114,0.0849591281
11.5417486,0.0199602181,0.0425259608,0.0848033587
11.5635701,0.0208482363,0.0430639553,0.0835971933
11.5853916,0.0213022462,0.0424572384,0.0848898531
11.6072131,0.0210795657,0.042970688,0.0847379833
11.6290346,0.0215494849,0.0422140917,0.084483623
11.6508561,0.0209049394,0.0422852515,0.0845739874
11.6726776,0.0213670393,0.0417909736,0.0849766393
11.6944991,0.0215484215,0.042002236,0.0832978045
11.7163206,0.0205985236,0.0433126161,0.0829774956
11.7381421,0.0205656911,0.0413323605,0.0829550438
11.7599636,0.0214726427,0.042137457,0.083708009
11.7817851,0.0212232838,0.0416847884,0.0845614551
11.8036066,0.0211085911,0.0424066794,0.0842046736
11.8254281,0.0213474346,0.041463224,0.0836175559
11.8472495,0.021221508,0.0428564593,0.0825362822
11.869071,0.0205827128,0.0408278076,0.0840593025
11.8908925,0.0205876614,0.041907888,0.083313186
11.912714,0.0209729873,0.041685314,0.083229929
11.9345355,0.0212338443,0.0411464341,0.0833249243
11.956357,0.0204245481,0.0414533672,0.0833200722
11.9781785,0.0203922437,0.041065486,0.0828508665
12,0.0198834659,0.0417315698,0.0833892871
