Time / s,10 mA cm-2,20 mA cm-2,50 mA cm-2
0,1.4797817,1.49780388,1.52215161
9.01126408,1.48201863,1.50064414,1.52320264
18.0225282,1.48369955,1.50075774,1.5253037
27.0337922,1.48444938,1.50361824,1.5265811
36.0450563,1.48530794,1.50442414,1.52786284
45.0563204,1.48704032,1.50530152,1.52886505
54.0675845,1.48831554,1.50569147,1.529664
63.0788486,1.48890843,1.50778154,1.53039135
72.0901126,1.48866677,1.50688335,1.53146838
81.1013767,1.48936728,1.50813614,1.53160425
90.1126408,1.49059583,1.5081612,1.53249554
99.1239049,1.49147314,1.50848093,1.53306799
108.135169,1.49133293,1.50904756,1.53355186
117.146433,1.49214348,1.50981147,1.5336883
126.157697,1.49204623,1.50985332,1.53472522
135.168961,1.49266395,1.51062834,1.53416533
144.180225,1.49300104,1.5112811,1.5347872
153.191489,1.49304275,1.51164512,1.53494149
162.202753,1.49407951,1.51130835,1.53515313
171.214018,1.49404613,1.51137337,1.53553008
180.225282,1.4938573,1.51166192,1.5350632
189.236546,1.49382874,1.51227564,1.53547875
198.24781,1.49422025,1.51104347,1.53612379
207.259074,1.4942506,1.51199146,1.53555704
216.270338,1.4951109,1.51251336,1.53626836
225.281602,1.49495321,1.51263223,1.53576701
234.292866,1.49392204,1.51166925,1.53629324
243.30413,1.49456363,1.51206748,1.53636466
252.315394,1.49484126,1.51252987,1.5362909
261.326658,1.49444307,1.51285646,1.53666366
270.337922,1.49461683,1.51130464,1.5374535
279.349186,1.49482484,1.51291174,1.53674934
288.360451,1.49430321,1.51295329,1.53661434
297.371715,1.49482142,1.51290683,1.53744208
306.382979,1.4949308,1.51289592,1.53656354
315.394243,1.49505558,1.51336531,1.53605504
324.405507,1.49494971,1.51313124,1.53723646
333.416771,1.49564609,1.51301537,1.53716404
342.428035,1.49445104,1.51323245,1.53635812
351.439299,1.49398856,1.51342603,1.53711006
360.450563,1.49624798,1.51184513,1.53639809
369.461827,1.49523551,1.51384829,1.53657843
378.473091,1.49535635,1.51389688,1.53677825
387.484355,1.49576288,1.51344597,1.5379106
396.49562,1.49566233,1.51284053,1.53709962
405.506884,1.4957015,1.51231324,1.5369445
414.518148,1.49472411,1.5128841,1.53769829
423.529412,1.49583714,1.51373394,1.53776032
432.540676,1.49525415,1.51295703,1.5375115
441.55194,1.49551108,1.51295873,1.53784721
450.563204,1.49508587,1.51276669,1.53675398
459.574468,1.49534911,1.51286287,1.53750282
468.585732,1.49555552,1.51359126,1.53671992
477.596996,1.49499477,1.51288936,1.53748027
486.60826,1.495204,1.5133541,1.53689027
495.619524,1.49573922,1.51322081,1.53817359
504.630788,1.49518897,1.51376054,1.53767591
513.642053,1.49572346,1.51267162,1.53787045
522.653317,1.49591348,1.51405152,1.5377201
531.664581,1.49530818,1.51331884,1.53747924
540.675845,1.49494773,1.51445691,1.53647222
549.687109,1.49512059,1.51271902,1.53751657
558.698373,1.49502474,1.5140183,1.53770379
567.709637,1.4963917,1.51402651,1.53683792
576.720901,1.49582471,1.51365612,1.53797611
585.732165,1.4957245,1.51469777,1.53763059
594.743429,1.49572581,1.51421014,1.53799578
603.754693,1.49549191,1.51392335,1.53793038
612.765957,1.49581642,1.51352123,1.537415
621.777222,1.49516595,1.51432316,1.53747896
630.788486,1.49490697,1.51400815,1.53832031
639.79975,1.49657622,1.51399534,1.53727955
648.811014,1.49579184,1.51387545,1.53834292
657.822278,1.49630694,1.51342379,1.53844886
666.833542,1.49634641,1.51504651,1.53783031
675.844806,1.4957775,1.51306977,1.53771446
684.85607,1.49553674,1.5137694,1.53725787
693.867334,1.49524193,1.51295779,1.5379077
702.878598,1.49648695,1.51393444,1.53773911
711.889862,1.49575827,1.51389325,1.53752165
720.901126,1.4969523,1.51378903,1.53786839
729.91239,1.49574046,1.51355259,1.53792681
738.923655,1.49612336,1.51417312,1.53862052
747.934919,1.4960466,1.5138546,1.5380848
756.946183,1.49563844,1.51429104,1.53731873
765.957447,1.49664279,1.51399497,1.53774194
774.968711,1.49582713,1.5143368,1.53858089
783.979975,1.49559168,1.51407752,1.53897916
792.991239,1.49520587,1.51412968,1.53896325
802.002503,1.49641657,1.51366281,1.53897264
811.013767,1.49622098,1.51445907,1.53746632
820.025031,1.49659067,1.51402954,1.53813546
829.036295,1.49660512,1.51401419,1.5384977
838.047559,1.49632563,1.51483466,1.53840731
847.058824,1.4965162,1.5141789,1.53793174
856.070088,1.49713881,1.51447238,1.5383806
865.081352,1.49652775,1.51388696,1.53751468
874.092616,1.49627016,1.51462289,1.53782445
883.10388,1.49608301,1.51378019,1.53833798
892.115144,1.49638511,1.5143507,1.53864823
901.126408,1.4962357,1.51365304,1.53823765
910.137672,1.49686047,1.5142769,1.53852333
919.148936,1.49673181,1.51389127,1.53799247
928.1602,1.49599394,1.51488066,1.53797998
937.171464,1.49556199,1.51450498,1.53865906
946.182728,1.49591611,1.51414214,1.53880938
955.193992,1.49640529,1.51418905,1.53847928
964.205257,1.49663951,1.51450199,1.53800461
973.216521,1.49630004,1.51464768,1.53981413
982.227785,1.4969131,1.51535341,1.53854505
991.239049,1.49551057,1.51526171,1.53860957
1000.25031,1.49635109,1.5137586,1.53820856
1009.26158,1.4958763,1.51454129,1.53884192
1018.27284,1.49680627,1.51431276,1.53862039
1027.28411,1.49655027,1.5144384,1.53805887
1036.29537,1.4964141,1.51407769,1.53866497
1045.30663,1.49619253,1.5149214,1.53874083
1054.3179,1.49706452,1.51443288,1.53817415
1063.32916,1.49680326,1.51519936,1.53839204
1072.34043,1.49657459,1.51432841,1.5387573
1081.35169,1.49636514,1.51524254,1.53838708
1090.36295,1.49698517,1.51455449,1.53958247
1099.37422,1.49674311,1.51492371,1.53805234
1108.38548,1.49651758,1.51513256,1.5388108
1117.39675,1.4961912,1.5156947,1.53868912
1126.40801,1.49576997,1.51473194,1.53942178
1135.41927,1.49726765,1.51528189,1.53879641
1144.43054,1.49707443,1.51473091,1.53948722
1153.4418,1.49632476,1.51496977,1.53825966
1162.45307,1.49712485,1.51455456,1.53874547
1171.46433,1.49716124,1.51451327,1.5383915
1180.47559,1.49723233,1.51536471,1.5385717
1189.48686,1.4965319,1.51497823,1.53937046
1198.49812,1.49699803,1.51498998,1.53798575
1207.50939,1.49722689,1.5146997,1.53922366
1216.52065,1.49626224,1.5148857,1.53830837
1225.53191,1.4974451,1.51380337,1.53854937
1234.54318,1.49725971,1.51562346,1.53917256
1243.55444,1.49749826,1.51587201,1.53902492
1252.56571,1.49737541,1.51541404,1.53858138
1261.57697,1.49685012,1.51478869,1.53874419
1270.58824,1.4961921,1.51527362,1.53938541
1279.5995,1.49619853,1.51490368,1.5393719
1288.61076,1.49759206,1.51466106,1.53862666
1297.62203,1.49712134,1.5153085,1.53908778
1306.63329,1.4975503,1.51474681,1.5384795
1315.64456,1.4969548,1.51483597,1.53867509
1324.65582,1.49722944,1.515004,1.53887514
1333.66708,1.49728561,1.51513623,1.53872629
1342.67835,1.49685847,1.51495367,1.53876227
1351.68961,1.49628939,1.51504389,1.53978775
1360.70088,1.4975813,1.51553756,1.53831767
1369.71214,1.49746503,1.51544736,1.53927095
1378.7234,1.49746866,1.51557022,1.53862448
1387.73467,1.4968315,1.51536933,1.53856926
1396.74593,1.49725205,1.51543416,1.53887516
1405.7572,1.49653512,1.51450511,1.5394532
1414.76846,1.49587435,1.51526463,1.53887981
1423.77972,1.49723903,1.51504864,1.53953004
1432.79099,1.49677823,1.51581306,1.53892344
1441.80225,1.49703289,1.51466232,1.53887633
1450.81352,1.49720686,1.5145808,1.53934255
1459.82478,1.49781609,1.51532547,1.53905102
1468.83605,1.49754275,1.51543875,1.53873812
1477.84731,1.4974018,1.51561146,1.53934107
1486.85857,1.49728149,1.51545643,1.53967729
1495.86984,1.4970433,1.51503064,1.53958864
1504.8811,1.4978683,1.51613173,1.53871848
1513.89237,1.49716757,1.51493018,1.53906467
1522.90363,1.49700452,1.51471905,1.53932617
1531.91489,1.4973319,1.51426149,1.53972547
1540.92616,1.49762211,1.51510673,1.53906284
1549.93742,1.49741706,1.51536212,1.53980169
1558.94869,1.49689619,1.51437903,1.53979825
1567.95995,1.49775654,1.51593619,1.53842488
1576.97121,1.49692443,1.51586776,1.53991202
1585.98248,1.49690633,1.51554539,1.53922901
1594.99374,1.49727247,1.51554224,1.53873938
1604.00501,1.4967084,1.51465564,1.53934075
1613.01627,1.49737453,1.51528434,1.53884188
1622.02753,1.49768897,1.51561064,1.53914501
1631.0388,1.49765874,1.51422493,1.54006085
1640.05006,1.49779239,1.51537503,1.53887649
1649.06133,1.49652648,1.51478794,1.53925979
1658.07259,1.49725261,1.51532346,1.53951034
1667.08385,1.49720435,1.51464518,1.53897134
1676.09512,1.49686919,1.51511624,1.53908457
1685.10638,1.49807884,1.5157374,1.53935378
1694.11765,1.49683546,1.51527346,1.53808164
1703.12891,1.49686036,1.51573192,1.53913237
1712.14018,1.49722698,1.51557462,1.53941271
1721.15144,1.49754524,1.51515807,1.53908076
1730.1627,1.49682361,1.51514305,1.5390422
1739.17397,1.49673226,1.51551897,1.53859206
1748.18523,1.49712474,1.51528266,1.53864104
1757.1965,1.4969946,1.51515063,1.53894481
1766.20776,1.49686315,1.51578611,1.53948495
1775.21902,1.4980309,1.51593598,1.53953671
1784.23029,1.49747465,1.51556094,1.53953516
1793.24155,1.4973544,1.51628548,1.53963768
1802.25282,1.49828489,1.51527274,1.53932746
1811.26408,1.49717277,1.51551109,1.53965691
1820.27534,1.49744382,1.51603237,1.53885202
1829.28661,1.49794857,1.51600867,1.53971104
1838.29787,1.49788634,1.51576312,1.54001103
1847.30914,1.49747633,1.51597103,1.54006133
1856.3204,1.49770761,1.5155512,1.53953826
1865.33166,1.49743075,1.51536941,1.53896839
1874.34293,1.49810737,1.51490929,1.53986516
1883.35419,1.49752245,1.51567064,1.53854605
1892.36546,1.49781179,1.51539075,1.53973229
1901.37672,1.49736826,1.51539441,1.53901044
1910.38798,1.49764967,1.51512538,1.53991287
1919.39925,1.49731058,1.51527374,1.54032212
1928.41051,1.49784983,1.51560688,1.53980258
1937.42178,1.49807023,1.51517071,1.53963293
1946.43304,1.4981097,1.51466766,1.54046935
1955.44431,1.49748967,1.51490381,1.53816397
1964.45557,1.49734207,1.51513103,1.53975407
1973.46683,1.49829655,1.5150718,1.53921099
1982.4781,1.49770727,1.51569955,1.53862021
1991.48936,1.49739063,1.51600907,1.53934717
2000.50063,1.49738301,1.51512535,1.53980236
2009.51189,1.4975944,1.51627678,1.5391253
2018.52315,1.4973644,1.51560238,1.53993433
2027.53442,1.49857619,1.51608407,1.53981812
2036.54568,1.49785485,1.51534325,1.53999446
2045.55695,1.49794012,1.51563465,1.54013379
2054.56821,1.49796115,1.51661411,1.54007204
2063.57947,1.49791562,1.51598709,1.53950219
2072.59074,1.49776384,1.51615096,1.5399573
2081.602,1.49880453,1.51533579,1.54014645
2090.61327,1.49790878,1.51567393,1.53861791
2099.62453,1.49820069,1.51581295,1.53924794
2108.63579,1.49736675,1.51633862,1.53931236
2117.64706,1.49845715,1.51488253,1.53984765
2126.65832,1.4977173,1.51650823,1.53977373
2135.66959,1.49797006,1.51560334,1.53973729
2144.68085,1.49734289,1.51525205,1.53983835
2153.69212,1.49795535,1.51604226,1.54013225
2162.70338,1.4972778,1.5155011,1.53901963
2171.71464,1.49798058,1.51594177,1.53977242
2180.72591,1.49820242,1.51599486,1.5391769
2189.73717,1.49879348,1.51662287,1.54002695
2198.74844,1.49750289,1.5159952,1.53978186
2207.7597,1.49756456,1.5155066,1.53925717
2216.77096,1.49775062,1.51603593,1.53980945
2225.78223,1.49751376,1.51691658,1.53968485
2234.79349,1.49807169,1.51620337,1.53984249
2243.80476,1.49726951,1.51610431,1.53987455
2252.81602,1.49862346,1.51519257,1.539748
2261.82728,1.49807838,1.51584544,1.53946466
2270.83855,1.49702079,1.51603166,1.53992868
2279.84981,1.49731874,1.51528785,1.54073531
2288.86108,1.49738183,1.51589053,1.54060514
2297.87234,1.49789537,1.51561045,1.53963739
2306.8836,1.49841851,1.51630905,1.53960411
2315.89487,1.49751564,1.51545424,1.54021041
2324.90613,1.49767211,1.51549751,1.5390946
2333.9174,1.4981494,1.51540171,1.53974591
2342.92866,1.49784004,1.51582332,1.54034185
2351.93992,1.49698255,1.51559997,1.53945593
2360.95119,1.49788534,1.51551997,1.53931387
2369.96245,1.49824365,1.51591249,1.53966592
2378.97372,1.49858537,1.51671197,1.53953486
2387.98498,1.49783874,1.51667487,1.54017374
2396.99625,1.4980708,1.51629938,1.54039105
2406.00751,1.49765505,1.51566003,1.53975182
2415.01877,1.49727957,1.51655572,1.53988472
2424.03004,1.4976488,1.51570247,1.53965878
2433.0413,1.49712457,1.51618043,1.53956548
2442.05257,1.49767938,1.51648041,1.53991105
2451.06383,1.49857642,1.51599386,1.53928911
2460.07509,1.49826977,1.51686372,1.53926399
2469.08636,1.49856074,1.51604202,1.54020727
2478.09762,1.49824142,1.51733772,1.5398445
2487.10889,1.49887858,1.51519333,1.53935853
2496.12015,1.49812052,1.51597722,1.54030973
2505.13141,1.49763628,1.51576266,1.53942909
2514.14268,1.49870754,1.51673811,1.54001712
2523.15394,1.49778065,1.51590964,1.54066354
2532.16521,1.49832574,1.51663666,1.54009948
2541.17647,1.49822541,1.51623102,1.53919442
2550.18773,1.498779,1.51670351,1.54026246
2559.199,1.49839389,1.51647946,1.54095455
2568.21026,1.49818416,1.51686111,1.54023252
2577.22153,1.49770614,1.51602486,1.54147715
2586.23279,1.49803082,1.51606566,1.53995367
2595.24406,1.49860763,1.51633379,1.5399811
2604.25532,1.49739306,1.51617778,1.54026587
2613.26658,1.49854361,1.51657328,1.54063174
2622.27785,1.49810597,1.51692746,1.54004093
2631.28911,1.49765351,1.5157947,1.53981208
2640.30038,1.49810569,1.51639959,1.53991791
2649.31164,1.49847859,1.51527739,1.53973446
2658.3229,1.49817078,1.51611682,1.53996844
2667.33417,1.49824202,1.51655549,1.5397247
2676.34543,1.49873676,1.51636727,1.54019924
2685.3567,1.49862959,1.51644858,1.54009967
2694.36796,1.49808741,1.51662125,1.54125955
2703.37922,1.49758908,1.51513346,1.54045736
2712.39049,1.49838141,1.51552596,1.54056268
2721.40175,1.49863374,1.51625801,1.54012545
2730.41302,1.49778798,1.51687821,1.54000937
2739.42428,1.49819739,1.5164288,1.54080402
2748.43554,1.49819,1.51631962,1.54046333
2757.44681,1.49856281,1.5168007,1.54052616
2766.45807,1.49805454,1.51665707,1.54021693
2775.46934,1.4981346,1.51634953,1.53997192
2784.4806,1.49784446,1.51665164,1.54075206
2793.49186,1.49864124,1.51598972,1.53999714
2802.50313,1.49833069,1.51657615,1.53981844
2811.51439,1.49824833,1.51672325,1.54003673
2820.52566,1.49849557,1.51702127,1.5395407
2829.53692,1.49839544,1.51660521,1.54054616
2838.54819,1.49879631,1.5164868,1.54016254
2847.55945,1.4978668,1.51615181,1.54037193
2856.57071,1.49823447,1.51612769,1.54080811
2865.58198,1.49828665,1.51622832,1.53956829
2874.59324,1.49799733,1.51644215,1.53979292
2883.60451,1.49811267,1.51717173,1.54032759
2892.61577,1.49864789,1.51647092,1.54015467
2901.62703,1.49828391,1.51615274,1.5411014
2910.6383,1.49831365,1.51598246,1.53991134
2919.64956,1.49803706,1.51709081,1.54110811
2928.66083,1.4987253,1.51620253,1.54030835
2937.67209,1.49857674,1.51658349,1.54068666
2946.68335,1.49910644,1.51681125,1.54021295
2955.69462,1.49873347,1.51571834,1.53992148
2964.70588,1.49863749,1.51554076,1.53997342
2973.71715,1.49787655,1.51659506,1.53915307
2982.72841,1.49825112,1.51658693,1.54075364
2991.73967,1.49865107,1.51627155,1.54070377
3000.75094,1.498351,1.51668792,1.54013961
3009.7622,1.49869147,1.517209,1.54098627
3018.77347,1.4986167,1.51754503,1.54067378
3027.78473,1.49871732,1.51753932,1.54072364
3036.79599,1.49838711,1.51632611,1.53976667
3045.80726,1.49894483,1.51664458,1.53995295
3054.81852,1.49907691,1.51677509,1.54017653
3063.82979,1.49851571,1.51616429,1.54064768
3072.84105,1.49886851,1.51707143,1.54056736
3081.85232,1.49842765,1.51759726,1.54061652
3090.86358,1.49875663,1.51619517,1.5406688
3099.87484,1.49809428,1.51675968,1.5403569
3108.88611,1.49814622,1.51697535,1.54089378
3117.89737,1.49880318,1.51596578,1.54178359
3126.90864,1.49867884,1.51632974,1.54116279
3135.9199,1.49837601,1.51672749,1.54092345
3144.93116,1.49871138,1.51628916,1.5402212
3153.94243,1.4992514,1.51637175,1.54080517
3162.95369,1.498393,1.51728825,1.54058725
3171.96496,1.4986587,1.51709724,1.54056089
3180.97622,1.49839017,1.51692885,1.54054367
3189.98748,1.49854668,1.51679658,1.54043737
3198.99875,1.49811357,1.51691065,1.54012711
3208.01001,1.49830173,1.51711651,1.54072961
3217.02128,1.49889663,1.51662306,1.54110768
3226.03254,1.49892301,1.51629706,1.54131318
3235.0438,1.49886942,1.51700356,1.54045265
3244.05507,1.49809501,1.51633311,1.53935369
3253.06633,1.49829185,1.51686925,1.54060271
3262.0776,1.49784763,1.51722734,1.54041892
3271.08886,1.49837758,1.51595951,1.54039689
3280.10013,1.49881526,1.51701955,1.54060355
3289.11139,1.49875807,1.51693026,1.54055812
3298.12265,1.49874665,1.51665907,1.54079662
3307.13392,1.49802401,1.51655574,1.53945758
3316.14518,1.49872879,1.51653446,1.5407748
3325.15645,1.49842769,1.51651477,1.54022525
3334.16771,1.49868121,1.5171083,1.54055158
3343.17897,1.49862483,1.51662202,1.54060561
3352.19024,1.49917689,1.51650635,1.54062659
3361.2015,1.49919085,1.51673978,1.5408245
3370.21277,1.49848443,1.51611689,1.5409922
3379.22403,1.49823129,1.51679171,1.54088228
3388.23529,1.49852485,1.51641631,1.54074822
3397.24656,1.49827531,1.51731711,1.54025991
3406.25782,1.49877944,1.51590846,1.54108427
3415.26909,1.49854381,1.51736732,1.54145971
3424.28035,1.49926568,1.51706633,1.54057965
3433.29161,1.49906122,1.51738624,1.54080746
3442.30288,1.49835511,1.51642002,1.54027028
3451.31414,1.49893334,1.51657791,1.54134908
3460.32541,1.49902658,1.51617995,1.54013898
3469.33667,1.49851194,1.51728174,1.54046677
3478.34793,1.49944719,1.51695266,1.54037126
3487.3592,1.49874385,1.51624936,1.54020328
3496.37046,1.49832453,1.51764131,1.54088297
3505.38173,1.49903506,1.51695447,1.54052121
3514.39299,1.49906504,1.51705473,1.54037685
3523.40426,1.49797081,1.51722399,1.54101058
3532.41552,1.49817362,1.51807617,1.54116223
3541.42678,1.49949821,1.51627262,1.54122408
3550.43805,1.49926418,1.51605192,1.53988659
3559.44931,1.49875108,1.51695209,1.54060198
3568.46058,1.49908897,1.5173912,1.54074174
3577.47184,1.49956609,1.5164537,1.54071978
3586.4831,1.49910313,1.51618195,1.54061926
3595.49437,1.49904974,1.51733537,1.53995301
3604.50563,1.49833157,1.51727623,1.54153361
3613.5169,1.49850428,1.51671344,1.54063692
3622.52816,1.49954649,1.51767294,1.54090763
3631.53942,1.4986379,1.517124,1.54011954
3640.55069,1.49954944,1.51654036,1.54135692
3649.56195,1.49860915,1.51660725,1.54050081
3658.57322,1.4984235,1.51714261,1.54076068
3667.58448,1.49890265,1.51575459,1.54084082
3676.59574,1.4987482,1.51604955,1.54111942
3685.60701,1.49824514,1.51693131,1.54087221
3694.61827,1.49892309,1.51722752,1.54072602
3703.62954,1.4982112,1.51745433,1.54142226
3712.6408,1.49868511,1.51747374,1.54084291
3721.65207,1.49820954,1.51702587,1.54017938
3730.66333,1.49968909,1.51715276,1.54070828
3739.67459,1.49924486,1.51733332,1.54129013
3748.68586,1.49904758,1.51728145,1.5411925
3757.69712,1.49936228,1.51699246,1.5407972
3766.70839,1.49813842,1.51784754,1.5404262
3775.71965,1.49920404,1.51702053,1.54074233
3784.73091,1.49875056,1.51693062,1.54103158
3793.74218,1.49960806,1.51674472,1.54025798
3802.75344,1.49933013,1.51693227,1.54043762
3811.76471,1.49859805,1.51779255,1.54177752
3820.77597,1.49951671,1.51721326,1.54194279
3829.78723,1.49935882,1.5178518,1.54082662
3838.7985,1.49802093,1.5176118,1.54074043
3847.80976,1.49970041,1.51644015,1.54062284
3856.82103,1.49834541,1.51672508,1.54066026
3865.83229,1.49925101,1.51596867,1.54033339
3874.84355,1.49941739,1.51710097,1.54090632
3883.85482,1.49925636,1.51675595,1.54150352
3892.86608,1.49910236,1.5172935,1.54111746
3901.87735,1.49879638,1.51720178,1.54141928
3910.88861,1.49931671,1.5171879,1.54066311
3919.89987,1.49935232,1.51816332,1.54018719
3928.91114,1.49938231,1.51749615,1.54120331
3937.9224,1.49902341,1.51683504,1.54080343
3946.93367,1.49869436,1.51788458,1.5407611
3955.94493,1.49885648,1.51764599,1.54131226
3964.9562,1.49945543,1.5171633,1.54076647
3973.96746,1.49982631,1.51644288,1.54145616
3982.97872,1.49916392,1.51723038,1.54126233
3991.98999,1.4986129,1.51771682,1.5416478
4001.00125,1.49929099,1.51751285,1.54125233
4010.01252,1.49912772,1.51752751,1.54148619
4019.02378,1.49880417,1.51730742,1.5412201
4028.03504,1.49891605,1.51749417,1.54016026
4037.04631,1.49928785,1.51702712,1.54045317
4046.05757,1.49986113,1.51719784,1.54097136
4055.06884,1.49987238,1.51772941,1.54119492
4064.0801,1.49942778,1.51725942,1.54138958
4073.09136,1.49953283,1.51700615,1.54039174
4082.10263,1.49936662,1.51759402,1.54098035
4091.11389,1.4989972,1.51656895,1.54113129
4100.12516,1.49924025,1.51709672,1.5410505
4109.13642,1.4991368,1.5172321,1.54188122
4118.14768,1.49907715,1.51712054,1.54045646
4127.15895,1.49867615,1.51686072,1.54125706
4136.17021,1.49924879,1.51742671,1.5411353
4145.18148,1.50024877,1.51647309,1.54074431
4154.19274,1.49953458,1.51747005,1.54106179
4163.20401,1.49903305,1.51701537,1.541479
4172.21527,1.49895523,1.516987,1.54184178
4181.22653,1.49905766,1.51727842,1.5404176
4190.2378,1.49895609,1.51677406,1.54057287
4199.24906,1.49918678,1.5174063,1.54037605
4208.26033,1.49954894,1.51748325,1.540628
4217.27159,1.49905964,1.51740713,1.54057989
4226.28285,1.49888705,1.51689677,1.54050484
4235.29412,1.49829528,1.51823825,1.54106067
4244.30538,1.49881186,1.51749735,1.54039709
4253.31665,1.49960556,1.5176425,1.54120546
4262.32791,1.49934187,1.51745677,1.54101646
4271.33917,1.49892912,1.51719763,1.54102558
4280.35044,1.499198,1.51791475,1.54134354
4289.3617,1.49859179,1.51767697,1.54210315
4298.37297,1.49877854,1.51687968,1.54053058
4307.38423,1.49883228,1.5173743,1.54223011
4316.39549,1.49952068,1.51764629,1.54191498
4325.40676,1.49955043,1.517803,1.54097172
4334.41802,1.49920707,1.51817212,1.54157726
4343.42929,1.49919957,1.51712447,1.54109582
4352.44055,1.49899321,1.51700465,1.54147353
4361.45181,1.49931632,1.51705666,1.54052823
4370.46308,1.49902413,1.51708518,1.54151233
4379.47434,1.49902887,1.51748606,1.5417491
4388.48561,1.49851099,1.51795941,1.54117238
4397.49687,1.49955223,1.51744433,1.54164573
4406.50814,1.49891239,1.5173013,1.54117695
4415.5194,1.49859784,1.51718911,1.54088594
4424.53066,1.4997572,1.51747403,1.5414633
4433.54193,1.49945807,1.5171018,1.54102405
4442.55319,1.49952465,1.5186208,1.54225254
4451.56446,1.49900736,1.51649809,1.54107046
4460.57572,1.49932416,1.51726902,1.54171141
4469.58698,1.49910492,1.51800104,1.54126143
4478.59825,1.49897254,1.51698019,1.54141475
4487.60951,1.49888122,1.51710357,1.54161813
4496.62078,1.49962014,1.51796273,1.54174351
4505.63204,1.49939673,1.51722101,1.54127598
4514.6433,1.49931076,1.5172215,1.54167941
4523.65457,1.50015802,1.51720782,1.54197165
4532.66583,1.49949574,1.51788195,1.54157365
4541.6771,1.49872319,1.51685571,1.5413574
4550.68836,1.49887082,1.51783515,1.54153443
4559.69962,1.4991921,1.51754639,1.54174256
4568.71089,1.49949815,1.5176843,1.54007623
4577.72215,1.49854906,1.51720755,1.54104454
4586.73342,1.49915932,1.51776383,1.54100314
4595.74468,1.49987153,1.51795151,1.54110897
4604.75594,1.49982964,1.51697502,1.54242787
4613.76721,1.49936834,1.5181755,1.54134877
4622.77847,1.49989166,1.51745631,1.54161733
4631.78974,1.49951452,1.51792189,1.5408334
4640.801,1.49973897,1.5173913,1.54122454
4649.81227,1.4998198,1.51770018,1.54106257
4658.82353,1.49955204,1.51774156,1.54154863
4667.83479,1.49899418,1.51796846,1.54146057
4676.84606,1.49919218,1.51795123,1.54158775
4685.85732,1.49929891,1.51736272,1.54101162
4694.86859,1.49902719,1.51816316,1.5414659
4703.87985,1.49988925,1.51782181,1.54140137
4712.89111,1.49998944,1.51700105,1.5410259
4721.90238,1.49827702,1.51790074,1.54130074
4730.91364,1.49914118,1.5176131,1.54249617
4739.92491,1.49906373,1.51708281,1.54094155
4748.93617,1.49913736,1.51781979,1.5420903
4757.94743,1.49829867,1.51765569,1.54154776
4766.9587,1.49995054,1.51802277,1.54042792
4775.96996,1.49984527,1.51747865,1.54214743
4784.98123,1.49897091,1.51749203,1.54145979
4793.99249,1.49973751,1.51822148,1.54193523
4803.00375,1.49957348,1.51758645,1.54128147
4812.01502,1.49952811,1.5173897,1.54120022
4821.02628,1.49981245,1.51763091,1.54051808
4830.03755,1.49962483,1.51807904,1.54202774
4839.04881,1.50047099,1.5171791,1.5416338
4848.06008,1.49854344,1.51824789,1.54082678
4857.07134,1.49994572,1.51813361,1.54105157
4866.0826,1.49949375,1.51753342,1.54195227
4875.09387,1.4993704,1.51793564,1.54186291
4884.10513,1.49911379,1.51745273,1.54125381
4893.1164,1.49955259,1.51787543,1.54191462
4902.12766,1.49900649,1.51730805,1.5417301
4911.13892,1.4997029,1.51730673,1.54176729
4920.15019,1.49959728,1.51830256,1.5417872
4929.16145,1.49889989,1.51720762,1.54182557
4938.17272,1.4996148,1.518486,1.54209388
4947.18398,1.4992436,1.51696925,1.54165349
4956.19524,1.49903661,1.51708447,1.54191747
4965.20651,1.500226,1.51729049,1.54144567
4974.21777,1.49985774,1.51697618,1.54116556
4983.22904,1.49866889,1.51793868,1.54105169
4992.2403,1.49901011,1.51685381,1.5415406
5001.25156,1.50021914,1.51731619,1.54148671
5010.26283,1.49966887,1.51825753,1.54140374
5019.27409,1.49976419,1.51747652,1.54115299
5028.28536,1.49875509,1.51785925,1.54081203
5037.29662,1.49945453,1.51762087,1.54055076
5046.30788,1.49975872,1.51752222,1.54154193
5055.31915,1.49934266,1.51778932,1.54047984
5064.33041,1.50027389,1.51788401,1.54140754
5073.34168,1.49970141,1.51800394,1.54176642
5082.35294,1.49918416,1.51740574,1.54167325
5091.36421,1.49993099,1.51813158,1.54130394
5100.37547,1.49929678,1.51718613,1.54165149
5109.38673,1.50019735,1.51715278,1.54116609
5118.398,1.49951947,1.51727103,1.54139972
5127.40926,1.49939167,1.51757934,1.54201928
5136.42053,1.4997842,1.51664997,1.54109954
5145.43179,1.49969344,1.51805323,1.54166616
5154.44305,1.49974966,1.51730108,1.54136121
5163.45432,1.49945052,1.51756272,1.54145785
5172.46558,1.49900256,1.51808332,1.54132512
5181.47685,1.49985084,1.51731556,1.54043811
5190.48811,1.49999105,1.51737303,1.54191002
5199.49937,1.50053617,1.51820989,1.54170216
5208.51064,1.49958161,1.51746875,1.54230765
5217.5219,1.49948537,1.51843088,1.54157242
5226.53317,1.49950634,1.51727908,1.54116148
5235.54443,1.49961252,1.51737232,1.54176951
5244.55569,1.4998739,1.5179123,1.54129259
5253.56696,1.4995704,1.5174029,1.54180192
5262.57822,1.49994818,1.51769945,1.54218746
5271.58949,1.49969689,1.51739803,1.54067377
5280.60075,1.49956797,1.51812012,1.54168724
5289.61202,1.49951678,1.51745768,1.54155528
5298.62328,1.50082339,1.51782451,1.54144619
5307.63454,1.4996194,1.51799417,1.54177493
5316.64581,1.50020992,1.51727274,1.54226384
5325.65707,1.49928427,1.51810615,1.54139608
5334.66834,1.49953722,1.51814042,1.54059241
5343.6796,1.50002936,1.5177253,1.54275094
5352.69086,1.50013599,1.51798524,1.54151515
5361.70213,1.49990914,1.5173453,1.54229847
5370.71339,1.49982487,1.5174003,1.54196008
5379.72466,1.49971317,1.51809939,1.54193812
5388.73592,1.49979986,1.51810847,1.54173345
5397.74718,1.50115518,1.51820494,1.54127257
5406.75845,1.50024318,1.51861295,1.54123629
5415.76971,1.49953958,1.51744145,1.54188181
5424.78098,1.50003565,1.51726387,1.54233075
5433.79224,1.49933474,1.51751254,1.5420342
5442.8035,1.49985123,1.51770192,1.54150614
5451.81477,1.5006465,1.51732642,1.54206453
5460.82603,1.4991758,1.51759303,1.54157707
5469.8373,1.49945199,1.51892728,1.5416056
5478.84856,1.50028381,1.51770181,1.54192828
5487.85982,1.49992722,1.51814586,1.54141554
5496.87109,1.49976992,1.51832985,1.54150395
5505.88235,1.49989768,1.51765989,1.5418124
5514.89362,1.49969711,1.51758777,1.54145939
5523.90488,1.49985607,1.51779712,1.54234128
5532.91615,1.49980167,1.51805864,1.54108367
5541.92741,1.50008242,1.51777712,1.54139394
5550.93867,1.50039851,1.51750332,1.54152094
5559.94994,1.49964596,1.51749057,1.54115986
5568.9612,1.49984647,1.51774281,1.54104958
5577.97247,1.49948237,1.51747825,1.54162576
5586.98373,1.49955178,1.51743303,1.54166173
5595.99499,1.50015011,1.51817573,1.54213423
5605.00626,1.50020998,1.51840241,1.5414928
5614.01752,1.49924043,1.51777474,1.54120585
5623.02879,1.49925273,1.51731352,1.54146746
5632.04005,1.49951016,1.51777742,1.54247962
5641.05131,1.49971612,1.51839725,1.54220955
5650.06258,1.49957467,1.51841817,1.54182136
5659.07384,1.49967627,1.5174474,1.5417657
5668.08511,1.49968503,1.51743646,1.54154806
5677.09637,1.49992185,1.5174393,1.54153748
5686.10763,1.49955553,1.5170279,1.54188642
5695.1189,1.5009226,1.51755245,1.54140336
5704.13016,1.49967935,1.51800978,1.54186065
5713.14143,1.50082752,1.51731614,1.54166434
5722.15269,1.49984244,1.5175722,1.54180807
5731.16395,1.49998802,1.51738563,1.54244793
5740.17522,1.50044375,1.51830776,1.54206002
5749.18648,1.49955054,1.517524,1.54185628
5758.19775,1.50048992,1.51733792,1.5431433
5767.20901,1.50004942,1.51838756,1.54053682
5776.22028,1.50020853,1.51812227,1.54214802
5785.23154,1.49973125,1.51749479,1.54182333
5794.2428,1.50044147,1.51848759,1.54241109
5803.25407,1.50042333,1.51767065,1.54154141
5812.26533,1.50106811,1.51776119,1.54182781
5821.2766,1.49979934,1.51777979,1.54126998
5830.28786,1.49939417,1.51835662,1.54200996
5839.29912,1.50000784,1.51689551,1.54198972
5848.31039,1.49943612,1.51772907,1.54194263
5857.32165,1.49981241,1.51900362,1.54169555
5866.33292,1.50006237,1.51751588,1.54183339
5875.34418,1.50010502,1.51784104,1.54195526
5884.35544,1.50013885,1.5181096,1.54174317
5893.36671,1.49976109,1.51740042,1.54191947
5902.37797,1.50031819,1.51837061,1.54208536
5911.38924,1.49984827,1.51793941,1.54268377
5920.4005,1.49995877,1.51761128,1.54225661
5929.41176,1.50002605,1.51755416,1.54148559
5938.42303,1.49995833,1.51806927,1.54202492
5947.43429,1.4996315,1.51803116,1.5411544
5956.44556,1.50051878,1.517932,1.54212803
5965.45682,1.49954807,1.51748822,1.54255145
5974.46809,1.49912312,1.51789535,1.54194405
5983.47935,1.49979596,1.51796671,1.54236678
5992.49061,1.50035674,1.51849488,1.54227865
6001.50188,1.50002342,1.51787388,1.54141386
6010.51314,1.50010652,1.51844532,1.54174825
6019.52441,1.49927067,1.5179239,1.54227356
6028.53567,1.49969229,1.51738516,1.54123928
6037.54693,1.50066147,1.5177222,1.54189662
6046.5582,1.4997905,1.51847684,1.54212441
6055.56946,1.50021623,1.51819039,1.5414256
6064.58073,1.50009506,1.51818462,1.54175021
6073.59199,1.49949091,1.51750814,1.54218977
6082.60325,1.50031094,1.51791078,1.54272831
6091.61452,1.49936998,1.51814901,1.542877
6100.62578,1.50037408,1.51890811,1.54200023
6109.63705,1.49999207,1.51791463,1.5426375
6118.64831,1.50037643,1.51806429,1.54232207
6127.65957,1.49993714,1.51828363,1.54170014
6136.67084,1.49973264,1.51876903,1.54117321
6145.6821,1.50049139,1.51840922,1.54199223
6154.69337,1.50008514,1.5190468,1.54201349
6163.70463,1.49990146,1.51880871,1.541713
6172.71589,1.50022388,1.51856562,1.54102203
6181.72716,1.49994016,1.51855272,1.54203018
6190.73842,1.50082,1.51751253,1.54222989
6199.74969,1.5004067,1.51846376,1.54214766
6208.76095,1.50003088,1.5183962,1.54198484
6217.77222,1.49977967,1.5180067,1.54222381
6226.78348,1.49974147,1.51801277,1.54204532
6235.79474,1.50009241,1.51845572,1.54214712
6244.80601,1.50083143,1.51835149,1.54291096
6253.81727,1.49973775,1.51824796,1.54296226
6262.82854,1.50011213,1.51869839,1.54189188
6271.8398,1.50029817,1.51868733,1.54251405
6280.85106,1.49995803,1.51791932,1.54225452
6289.86233,1.49958126,1.51818001,1.54217288
6298.87359,1.49977547,1.51781866,1.54202101
6307.88486,1.50022429,1.51887532,1.54185922
6316.89612,1.50062458,1.51860292,1.54222244
6325.90738,1.49955848,1.5179716,1.54241607
6334.91865,1.50030792,1.51803495,1.54199337
6343.92991,1.49875552,1.51804479,1.54110325
6352.94118,1.50038561,1.5172961,1.54182929
6361.95244,1.50025833,1.51772379,1.54173396
6370.9637,1.50067389,1.51721886,1.54174857
6379.97497,1.50017397,1.51856478,1.54270035
6388.98623,1.5000784,1.517846,1.54305525
6397.9975,1.49992211,1.51811937,1.54147013
6407.00876,1.49939531,1.51834902,1.54149255
6416.02003,1.49950974,1.51771012,1.54192536
6425.03129,1.49927542,1.51816537,1.54197028
6434.04255,1.50050636,1.51841216,1.54190846
6443.05382,1.4997541,1.51852155,1.54313776
6452.06508,1.49961704,1.5180806,1.54238734
6461.07635,1.49970584,1.51814367,1.54198234
6470.08761,1.49971756,1.51733493,1.54126081
6479.09887,1.49960692,1.51798464,1.542958
6488.11014,1.50044745,1.51713869,1.54208914
6497.1214,1.50024445,1.51832675,1.54170239
6506.13267,1.49975549,1.51810095,1.54154254
6515.14393,1.50113755,1.51778869,1.54285023
6524.15519,1.50017302,1.51813873,1.54252079
6533.16646,1.5009397,1.51811453,1.54147578
6542.17772,1.50002682,1.51792789,1.54240484
6551.18899,1.49971833,1.51788742,1.54253406
6560.20025,1.50069258,1.51798373,1.54181108
6569.21151,1.49972033,1.51696188,1.54229158
6578.22278,1.50026719,1.5174394,1.5423313
6587.23404,1.49997395,1.51789268,1.54178082
6596.24531,1.50047143,1.5179562,1.54197648
6605.25657,1.50016094,1.51741661,1.54227611
6614.26783,1.50035409,1.51814523,1.54160409
6623.2791,1.50007704,1.51838648,1.54186468
6632.29036,1.50033885,1.51813551,1.54299476
6641.30163,1.50018384,1.51810357,1.54286572
6650.31289,1.50019736,1.51811143,1.5420773
6659.32416,1.5005973,1.51795769,1.54264119
6668.33542,1.50000257,1.51870457,1.54251053
6677.34668,1.50006383,1.51796707,1.54151592
6686.35795,1.50009969,1.51841648,1.54225966
6695.36921,1.50054418,1.51837253,1.54161709
6704.38048,1.49987309,1.51763109,1.54327925
6713.39174,1.50008447,1.51841509,1.54207304
6722.403,1.49955755,1.51777893,1.54129987
6731.41427,1.50074953,1.51847702,1.5413682
6740.42553,1.50025185,1.51892945,1.54207416
6749.4368,1.500972,1.51898428,1.54236776
6758.44806,1.49935331,1.51881823,1.54271174
6767.45932,1.49981398,1.51835176,1.54268924
6776.47059,1.50000653,1.51781172,1.542588
6785.48185,1.50127875,1.51841087,1.54291459
6794.49312,1.49930208,1.51863735,1.54164883
6803.50438,1.50055519,1.51809202,1.54292559
6812.51564,1.50089747,1.51873651,1.54251788
6821.52691,1.50026165,1.51817881,1.54195184
6830.53817,1.50060055,1.5185762,1.54217606
6839.54944,1.50062566,1.51821547,1.54164341
6848.5607,1.50015826,1.51808688,1.54253468
6857.57196,1.5003153,1.51813887,1.54256898
6866.58323,1.50062895,1.51855994,1.54242823
6875.59449,1.50045666,1.51912948,1.54226431
6884.60576,1.50116168,1.51846476,1.54193296
6893.61702,1.50011984,1.51787342,1.54295896
6902.62829,1.50053738,1.51884565,1.54310971
6911.63955,1.50018931,1.51902565,1.54266617
6920.65081,1.50057544,1.51925523,1.54213954
6929.66208,1.50067333,1.51829316,1.54207791
6938.67334,1.50015217,1.51857042,1.54205471
6947.68461,1.49976385,1.51876243,1.54308409
6956.69587,1.50042227,1.51828354,1.54279293
6965.70713,1.50006938,1.51821257,1.54228671
6974.7184,1.50013533,1.51882176,1.54184816
6983.72966,1.49990107,1.51863222,1.54224071
6992.74093,1.50056033,1.51926437,1.54119978
7001.75219,1.50078831,1.51829082,1.54279647
7010.76345,1.50084525,1.51946094,1.5430943
7019.77472,1.49985627,1.5187651,1.54240866
7028.78598,1.49982072,1.51857315,1.54186488
7037.79725,1.50032162,1.51760072,1.54236696
7046.80851,1.50058768,1.51923934,1.54239124
7055.81977,1.50007707,1.51873231,1.54175784
7064.83104,1.50020843,1.51851666,1.54237789
7073.8423,1.50017444,1.51792661,1.54217439
7082.85357,1.50095217,1.51880107,1.54208412
7091.86483,1.50039521,1.5176101,1.54266326
7100.8761,1.50090994,1.51816957,1.54202121
7109.88736,1.50060768,1.51769288,1.54208926
7118.89862,1.50003317,1.51847059,1.54222593
7127.90989,1.4992827,1.5185096,1.54172556
7136.92115,1.50015188,1.51882831,1.54240671
7145.93242,1.50133999,1.51898695,1.54261387
7154.94368,1.49972932,1.51848747,1.54282879
7163.95494,1.50036968,1.51808236,1.54242191
7172.96621,1.50018338,1.51846757,1.54249556
7181.97747,1.50006973,1.51751844,1.5425236
7190.98874,1.50021012,1.51843141,1.5428757
7200,1.50060978,1.51866366,1.54257322
