Potential / V,20 mV s-1 / mA cm-2,50 mV s-1 / mA cm-2,100 mV s-1 / mA cm-2
-0.2,0.000159005262,0.000775545262,0.00190374001
-0.199,0.000228725472,0.000811467074,0.00145123739
-0.198,-4.81034977e-05,0.000934104529,0.00198280334
-0.197,0.00067959377,0.00113470499,0.00185162919
-0.196,8.06948909e-05,0.000857158049,0.00192659415
-0.195,0.000506009829,0.000740348955,0.00217553623
-0.194,0.000377555637,0.0012937792,0.00227175142
-0.193,0.000525664087,0.000689152355,0.0020539303
-0.192,0.000778249303,0.00135550852,0.00192276905
-0.191,0.000223531059,0.00100620965,0.00180066411
-0.19,0.000378949314,0.0010371529,0.00227714819
-0.189,0.000231479129,0.000766781408,0.00218891149
-0.188,0.000659391058,0.00153259719,0.0016849136
-0.187,0.000842414666,0.00130078668,0.00155722796
-0.186,0.000563476969,0.000988379264,0.0021289894
-0.185,0.000732879085,0.000930019829,0.00203561076
-0.184,0.000359343907,0.00114786009,0.00156179862
-0.183,-0.000107064487,0.001278251,0.0020721632
-0.182,-7.36169895e-05,0.00115621957,0.00186250825
-0.181,0.000344001829,0.00112021217,0.00223266315
-0.18,0.000218124145,0.000932934825,0.00196161145
-0.179,0.000387095893,0.000838828144,0.00160212203
-0.178,0.000144874375,0.000991926976,0.00162486676
-0.177,0.000526232934,0.00121478816,0.00187873753
-0.176,0.000364373906,0.000821122828,0.00139321344
-0.175,0.000430260676,0.000867950226,0.00209408504
-0.174,0.000359833382,0.000667672571,0.00201656115
-0.173,0.000537576385,0.00107683948,0.00203678735
-0.172,0.00030583761,0.000914446454,0.00226916756
-0.171,0.000341322904,0.00139522553,0.00258180214
-0.17,-1.68865715e-05,0.000873768982,0.00188452065
-0.169,0.000323311558,0.00107480157,0.00208745424
-0.168,0.000553586127,0.0010414161,0.00168140284
-0.167,0.000595243473,0.000882385117,0.00170110718
-0.166,0.000682855722,0.000743179213,0.0023140188
-0.165,0.000706708118,0.000778837022,0.00188652099
-0.164,0.000957835228,0.0011520169,0.00206495858
-0.163,0.00092832245,0.000701520396,0.00206182688
-0.162,0.000396896242,0.00104720433,0.00209014414
-0.161,0.000652586618,0.00112317161,0.00153068868
-0.16,0.000446685294,0.000860729184,0.00194387221
-0.159,0.000330919229,0.000402971721,0.00204696321
-0.158,0.000565751833,0.001158395,0.0020400871
-0.157,0.000726158933,0.000967350087,0.00175815193
-0.156,0.000685539162,0.00104947088,0.00190535991
-0.155,0.00024076622,0.000867241692,0.00248479754
-0.154,0.000297555633,0.000887841741,0.00198976025
-0.153,0.000419445155,0.00113440937,0.00194324229
-0.152,0.000455920637,0.00118115695,0.00204502831
-0.151,0.000468595028,0.000815669427,0.00157078343
-0.15,0.000635721863,0.0010808334,0.00261505245
-0.149,7.20937672e-06,0.00104768829,0.00200212251
-0.148,0.000492782171,0.00130750979,0.00208225382
-0.147,0.000164030348,0.000590642002,0.00140598003
-0.146,0.00011699868,0.000625712514,0.00204697832
-0.145,0.000455096977,0.000715135053,0.00185348456
-0.144,0.000407479822,0.00123891234,0.00179466173
-0.143,0.000603799946,0.00147645197,0.00194291989
-0.142,0.000471164888,0.00112577047,0.00230742504
-0.141,0.000173218973,0.0011831893,0.00176129591
-0.14,0.000414712344,0.00109374486,0.00196135662
-0.139,0.00034647943,0.000805518298,0.00175045887
-0.138,0.000546626945,0.00109772803,0.00150148088
-0.137,0.000119014285,0.00119515149,0.00238508096
-0.136,0.000646491418,0.00113787957,0.0019543893
-0.135,0.000506775516,0.000381085336,0.00202993259
-0.134,0.000195476766,0.000797626167,0.00192733275
-0.133,0.000729887995,0.00110650484,0.00192973548
-0.132,0.000242178238,0.000439925083,0.00168010321
-0.131,0.000298588464,0.00125839875,0.00198970268
-0.13,0.000700064135,0.000898252819,0.00210736579
-0.129,0.000472333364,0.000540625715,0.00202402652
-0.128,0.000618247375,0.00124771743,0.00249390674
-0.127,0.000752841907,0.00116078267,0.00236639779
-0.126,-1.81085512e-05,0.000882854474,0.00203626369
-0.125,0.000464677458,0.000461860201,0.00234023986
-0.124,0.000527766112,0.000788016643,0.00215230219
-0.123,7.23560516e-05,0.00103480342,0.00198679345
-0.122,0.00015327504,0.0011262013,0.00257863634
-0.121,0.000258627566,0.00071924893,0.00216670448
-0.12,0.000782432135,0.00113626202,0.00211227487
-0.119,0.000644140885,0.00129758096,0.00177714682
-0.118,0.000191925166,0.000855697467,0.0017512977
-0.117,0.000131374269,0.000805257735,0.00231943712
-0.116,0.000572370683,0.000674966937,0.00218067098
-0.115,0.000360036035,0.000890567968,0.00173796212
-0.114,0.000212930126,0.0016351215,0.00210309187
-0.113,0.000283080923,0.000990590856,0.00189486725
-0.112,0.000801482271,0.00103832996,0.00195977001
-0.111,0.000454725796,0.00105897594,0.00265888289
-0.11,0.000331586016,0.000774452162,0.00178032324
-0.109,0.000709890274,0.00113077574,0.00184080649
-0.108,0.000882559435,0.00101149693,0.00179268699
-0.107,0.000612349653,0.000917658084,0.00204404202
-0.106,-0.00010721907,0.000615184316,0.00166736618
-0.105,0.000281932499,0.00111264407,0.00201022595
-0.104,0.000197946468,0.000904976577,0.0020651185
-0.103,0.00043353809,0.00113366296,0.00184574066
-0.102,0.000286779405,0.0012204256,0.00214890691
-0.101,0.00049935923,0.00131179361,0.00199244795
-0.1,0.000101096799,0.00102673077,0.00194019389
-0.099,0.000722915767,0.00102973241,0.00181237935
-0.098,0.00100813815,0.000910662904,0.00167241219
-0.097,0.000949490684,0.00136865062,0.00201194209
-0.096,0.000394994545,0.0010414009,0.00212655479
-0.095,0.000586297772,0.00107250548,0.00227325405
-0.094,0.000789643079,0.00110376644,0.00201948957
-0.093,0.000419221855,0.00109891214,0.00184226757
-0.092,0.000722901399,0.00093533807,0.00164215555
-0.091,0.000360120566,0.00128115881,0.00175416316
-0.09,0.000148695266,0.00112742793,0.00197941999
-0.089,0.000292024838,0.00111558662,0.00221270755
-0.088,0.000309687525,0.00120568073,0.00222677466
-0.087,0.000405744562,0.00118458776,0.00193305228
-0.086,-1.94790568e-05,0.00100666444,0.00225378968
-0.085,0.000394803354,0.00135688112,0.00205508729
-0.084,0.000276027879,0.00106206081,0.0021824508
-0.083,9.70622824e-05,0.00124462368,0.00167756462
-0.082,0.00058137779,0.00112351599,0.00216837857
-0.081,0.000432238678,0.0011617876,0.00226025835
-0.08,0.00051650526,0.00127500136,0.00228984117
-0.079,0.000434931294,0.00100336481,0.00195940527
-0.078,0.000396109472,0.00108535953,0.0017441431
-0.077,0.000190948041,0.000861033696,0.00234321406
-0.076,0.000130700715,0.00145952703,0.00209894498
-0.075,0.000207162904,0.000995365468,0.00195787793
-0.074,0.000101276869,0.000805666095,0.00199274545
-0.073,0.000267299901,0.000979627002,0.00185341755
-0.072,0.000156327654,0.000691116498,0.00210703901
-0.071,0.000501526162,0.000804197378,0.00160251769
-0.07,0.000211922597,0.001153933,0.00140422925
-0.069,0.000343463349,0.0010204437,0.00208381377
-0.068,0.000240148372,0.000968231817,0.00203370903
-0.067,0.000548141663,0.000815260106,0.00263130713
-0.066,0.000268980977,0.00137967392,0.00190813926
-0.065,0.000962817359,0.000956071558,0.0020260637
-0.064,0.000531067316,0.000597043074,0.00184344976
-0.063,0.00051004134,0.000893092849,0.0021087697
-0.062,0.000533490719,0.00107180781,0.00212250015
-0.061,0.000420040806,0.00133506602,0.00167802334
-0.06,0.000525817376,0.00132763438,0.001762163
-0.059,0.000679599273,0.00089293746,0.00266935798
-0.058,0.000432002554,0.00116183082,0.00234002206
-0.057,0.000472330896,0.000934442175,0.00190702646
-0.056,0.000488174791,0.00139844552,0.00158031266
-0.055,0.000315846365,0.00114564633,0.00218485077
-0.054,0.000217828307,0.000902027311,0.00209323291
-0.053,0.000774333937,0.00104481881,0.0015386721
-0.052,0.000286869966,0.00152728324,0.00224452849
-0.051,0.000239703705,0.000756281384,0.00158727711
-0.05,0.000335153411,0.00128881601,0.00226306378
-0.049,4.01220615e-05,0.000722454662,0.00191956448
-0.048,0.000599024427,0.00123421564,0.00222119914
-0.047,0.000772811676,0.000880600219,0.00159111623
-0.046,0.000235098275,0.00113137298,0.00172151209
-0.045,0.000468404538,0.00073648389,0.00162328564
-0.044,0.000282632099,0.000972959838,0.00247755502
-0.043,0.000859676817,0.00107449499,0.00221223035
-0.042,0.000756573,0.00125949273,0.00160176683
-0.041,0.000472748141,0.00124868533,0.00210363071
-0.04,0.000444514153,0.00116105957,0.00210094981
-0.039,0.000385740015,0.000965153557,0.00201131953
-0.038,0.000342473601,0.000758652267,0.00191339462
-0.037,0.000365591129,0.000866686681,0.0016796456
-0.036,0.00017675033,0.00117679349,0.0018451386
-0.035,0.000865314932,0.000974086032,0.00171042382
-0.034,0.000375258438,0.00100850125,0.00222747896
-0.033,0.000831183579,0.00109609006,0.00207028291
-0.032,0.000401088512,0.0013661214,0.00241755426
-0.031,0.000458890493,0.00139600112,0.00187362415
-0.03,0.000637925221,0.00150843691,0.00211574328
-0.029,0.000448915202,0.00094751197,0.00241171358
-0.028,0.000800411042,0.000961452897,0.00213314079
-0.027,0.00040430354,0.00117050521,0.00193372844
-0.026,0.000930591546,0.00138554975,0.00218340093
-0.025,0.000273941869,0.00112414663,0.00231243593
-0.024,0.000627562189,0.00100677594,0.0019045157
-0.023,0.000962339496,0.000999435685,0.00204735376
-0.022,0.00046993692,0.00113195062,0.001646049
-0.021,0.000551396556,0.00107174823,0.00217316582
-0.02,0.000434398493,0.0011359201,0.00261301389
-0.019,0.000704895876,0.000676136906,0.00204697603
-0.018,0.000158563902,0.000594505516,0.00218071395
-0.017,0.000688709637,0.0010205607,0.00163780946
-0.016,0.000217819626,0.00116859019,0.00225901099
-0.015,0.000600946849,0.00129592585,0.00191922754
-0.014,0.000316602448,0.00112362942,0.00187775785
-0.013,0.000485991374,0.000976620269,0.00216179545
-0.012,0.000625567581,0.000890906654,0.00165325991
-0.011,0.000319243227,0.00113696384,0.00233578518
-0.01,2.94224086e-06,0.000897338149,0.00187138902
-0.009,0.000712859519,0.00116530221,0.00216358345
-0.008,0.000637912592,0.000910933352,0.00228637039
-0.007,0.000510172204,0.00124086184,0.00205221878
-0.006,0.000628259146,0.00128667772,0.00193805932
-0.005,0.000883865505,0.00139262923,0.00212834774
-0.004,0.000617725773,0.00185672586,0.00203836511
-0.003,0.000734957074,0.00105843131,0.00216931927
-0.002,0.000193914296,0.00124085553,0.00248053375
-0.001,0.000539640835,0.0014653865,0.00215421534
0,0.000638259029,0.00100114655,0.00176096863
0.001,0.000402285976,0.00104179877,0.00256064792
0.002,0.000491153101,0.00137303483,0.00236056693
0.003,0.0003481547,0.00179186303,0.00208457278
0.004,0.000632885289,0.00148130922,0.00199347606
0.005,0.000107950393,0.00132373229,0.00229029207
0.006,0.000595260923,0.000991181282,0.00214605883
0.007,0.000478134519,0.00112154508,0.00240341263
0.008,0.000562872526,0.0013082508,0.00230482527
0.009,0.000530652256,0.00142131912,0.00243011529
0.01,0.0011818028,0.00131861634,0.00226725256
0.011,0.000244349597,0.00144804389,0.00220065052
0.012,0.000538565617,0.00100190629,0.00220008628
0.013,0.00055901409,0.00114952977,0.00225444904
0.014,0.000384359159,0.00071750122,0.00194975458
0.015,0.000295371222,0.00149998346,0.00224216164
0.016,0.00060422503,0.000779320634,0.00207418644
0.017,0.000880662508,0.00115225442,0.00297790741
0.018,0.000789166207,0.001551495,0.00230010395
0.019,0.00092879763,0.00176280388,0.00226209596
0.02,0.000954589569,0.00133886302,0.00206864024
0.021,0.000968801692,0.00118055099,0.0025003417
0.022,0.00101478604,0.00154949243,0.00210992462
0.023,0.000407132683,0.00173381337,0.00259714606
0.024,0.000552591626,0.00159730819,0.00224257353
0.025,0.000642863852,0.00122748148,0.00258989363
0.026,0.000404790075,0.00171613073,0.00273826528
0.027,0.000970492852,0.0015238225,0.00227629339
0.028,0.000305585521,0.0016298618,0.0025548497
0.029,0.00104718204,0.001287592,0.00267451145
0.03,0.000974415152,0.00187594721,0.00257834656
0.031,0.000449367352,0.00189446899,0.00271107077
0.032,0.000807532673,0.00114615411,0.00287370874
0.033,0.0010690927,0.00190524547,0.0025770846
0.034,0.000838897199,0.00172310664,0.00283018722
0.035,0.00091879095,0.00153498701,0.00287252039
0.036,0.000767801187,0.00151298487,0.00295164951
0.037,0.000675064535,0.00177221989,0.00249474763
0.038,0.00112247852,0.00114144484,0.00325406618
0.039,0.000928918715,0.00141151842,0.00285511417
0.04,0.000458217258,0.00120464512,0.00292532329
0.041,0.000915952064,0.0012689533,0.00253482292
0.042,0.00115183842,0.00180262606,0.00332928784
0.043,0.00111401317,0.00152235176,0.00311993199
0.044,0.00089817902,0.0017120382,0.00332520192
0.045,0.00101270138,0.00207095928,0.00339152953
0.046,0.000967493664,0.00181318859,0.00329238199
0.047,0.000685697462,0.00151398461,0.00346076485
0.048,0.00102598175,0.00201848759,0.00373227579
0.049,0.000960893864,0.00209747805,0.00319575966
0.05,0.00108448598,0.00228675913,0.00322367136
0.051,0.000829085088,0.00218318807,0.00358813262
0.052,0.000659010167,0.00258883837,0.003103251
0.053,0.0008738084,0.00240015969,0.00391605867
0.054,0.0016391436,0.00202179037,0.00380726546
0.055,0.00100465406,0.00261808196,0.0030147941
0.056,0.00172263949,0.00252524199,0.00366113129
0.057,0.000814644383,0.00244372459,0.00376406868
0.058,0.00165297686,0.00209810363,0.00431032505
0.059,0.00137019055,0.00265182133,0.00382086284
0.06,0.00132522943,0.002800738,0.00429527802
0.061,0.00158209867,0.00279528212,0.00436173602
0.062,0.00141626074,0.0025994327,0.00380747205
0.063,0.00150286921,0.00294379618,0.00449705719
0.064,0.00134010043,0.00257110669,0.00471728624
0.065,0.00183636012,0.00297450212,0.00467793153
0.066,0.00144500851,0.00270813792,0.00446203943
0.067,0.00130997826,0.00281093656,0.00522185809
0.068,0.00175179256,0.00294469312,0.00418204842
0.069,0.00199648951,0.00328438904,0.00516921125
0.07,0.00207189466,0.00329028946,0.00507653995
0.071,0.00182006957,0.00302731973,0.00460640014
0.072,0.00203113494,0.00304259579,0.0052064528
0.073,0.00174755812,0.00371223812,0.00584892842
0.074,0.00183566756,0.003705038,0.0056870632
0.075,0.002220347,0.00296113962,0.00582569314
0.076,0.00227970852,0.00416586694,0.00561058672
0.077,0.00220881576,0.0037488275,0.0062031068
0.078,0.00270357588,0.0038883163,0.0063669421
0.079,0.00244611279,0.00430980449,0.00647965302
0.08,0.00206412137,0.00393584965,0.00569284339
0.081,0.00263086403,0.00406344031,0.00667220001
0.082,0.00264834638,0.00429927291,0.00682253397
0.083,0.00301492626,0.00449052768,0.00694752255
0.084,0.00246393589,0.00445246105,0.00731519035
0.085,0.00327681429,0.00492604806,0.00736038494
0.086,0.002525969,0.0049859237,0.00735116691
0.087,0.00312722394,0.00504665838,0.00783880825
0.088,0.0034174089,0.00515295235,0.00813784152
0.089,0.00341248454,0.00503072206,0.00851220898
0.09,0.00324622114,0.00571933441,0.00873059513
0.091,0.00340813211,0.00552685127,0.00897703411
0.092,0.00349636575,0.005936462,0.00924497104
0.093,0.00345429723,0.00668943301,0.0092207284
0.094,0.00355873981,0.00626200974,0.00968228194
0.095,0.00423253025,0.00650200383,0.0102685845
0.096,0.00416066306,0.00684796211,0.00971732819
0.097,0.00452953608,0.00674046302,0.0108419366
0.098,0.00446772734,0.00739240833,0.0110920452
0.099,0.00406372662,0.00769309394,0.0114553253
0.1,0.00497004397,0.00827084954,0.011767059
0.101,0.00515636421,0.00798842766,0.0118450553
0.102,0.00510921546,0.00845983645,0.0123581513
0.103,0.00545140173,0.00820113637,0.0129760635
0.104,0.00540148584,0.00913515448,0.0131530801
0.105,0.00534129419,0.00901847283,0.0137166832
0.106,0.00601852647,0.00994442243,0.0145835566
0.107,0.00576538633,0.0103130445,0.0148958628
0.108,0.00555309423,0.0100843546,0.0155072557
0.109,0.00671733036,0.0104197227,0.0159006566
0.11,0.00687301334,0.0109492722,0.0157799502
0.111,0.00717812683,0.0113442778,0.0164737107
0.112,0.00739972517,0.0122334727,0.0175599565
0.113,0.00776241189,0.012104692,0.0177257355
0.114,0.00825659147,0.0129429924,0.0185085255
0.115,0.00793173514,0.0130821017,0.0189508602
0.116,0.00858839212,0.0130001773,0.0194068971
0.117,0.00873659986,0.0141465046,0.0202093986
0.118,0.00923949034,0.0147860125,0.0211982287
0.119,0.00962319566,0.0149283342,0.0215504589
0.12,0.00970880867,0.015725256,0.0226654165
0.121,0.0105044449,0.0167644338,0.0230079383
0.122,0.010114714,0.016390338,0.0240710076
0.123,0.0106732843,0.0171933545,0.0248113178
0.124,0.0109333643,0.0177327306,0.0257299228
0.125,0.0111985691,0.0184073086,0.0266144965
0.126,0.0119239579,0.0196112284,0.0273510018
0.127,0.0124805964,0.0198068876,0.0282796195
0.128,0.0130381637,0.0201245954,0.0293529552
0.129,0.0132489147,0.0209280746,0.0302245072
0.13,0.0133408622,0.0218177719,0.0319203297
0.131,0.0146611288,0.0227121479,0.0320893972
0.132,0.0149358149,0.0235301505,0.0338438309
0.133,0.01494688,0.0239411799,0.0349427808
0.134,0.0154849072,0.0253879533,0.0361604019
0.135,0.0162773046,0.026009809,0.0370422165
0.136,0.0169226098,0.0270546314,0.0380478611
0.137,0.0170266604,0.0276708348,0.0399442022
0.138,0.0178343317,0.0283493978,0.0409775833
0.139,0.0185805277,0.0296018942,0.0421112769
0.14,0.0194601955,0.0304796758,0.0437327612
0.141,0.0201190924,0.0315003983,0.0449008222
0.142,0.0206806093,0.0327415301,0.0463234992
0.143,0.0214359179,0.0335906842,0.0476544402
0.144,0.0217846493,0.0349127212,0.0496579336
0.145,0.0223594682,0.0364346681,0.0516130597
0.146,0.0238720565,0.0371898603,0.0530817721
0.147,0.0244368442,0.0382312163,0.0543408306
0.148,0.0249550951,0.0400889307,0.0565495983
0.149,0.0256833606,0.0414505196,0.0582974589
0.15,0.0264719741,0.0422286147,0.0600062925
0.151,0.0278337966,0.0435997827,0.062001946
0.152,0.0285284155,0.0453478378,0.0643522017
0.153,0.029511907,0.0461721065,0.0659238617
0.154,0.0301677099,0.0480015646,0.0680425893
0.155,0.0313100556,0.0496270911,0.0698320005
0.156,0.0324145614,0.0507769443,0.0719978919
0.157,0.0330659481,0.0521492371,0.074096211
0.158,0.034119731,0.0539000712,0.0764249053
0.159,0.0350226242,0.0557100001,0.0791370714
0.16,0.0363112167,0.0571046992,0.0809583308
0.161,0.0369954348,0.0590390773,0.0836389491
0.162,0.0385238652,0.0606976234,0.0865934644
0.163,0.0391735421,0.0620085593,0.0884369685
0.164,0.0405717318,0.0642898121,0.0910181935
0.165,0.0415278248,0.0659090134,0.0934613133
0.166,0.0428252808,0.0679601634,0.0956802046
0.167,0.0445098952,0.0695705499,0.0987825449
0.168,0.0456917192,0.0717186774,0.100890653
0.169,0.0462402368,0.0734059921,0.103788618
0.17,0.0478283076,0.075174075,0.106961857
0.171,0.0489281511,0.0771923342,0.109153745
0.172,0.049655425,0.0789835503,0.112021784
0.173,0.0509710807,0.0813350635,0.114925895
0.174,0.0524915374,0.0833020961,0.117661924
0.175,0.0540309996,0.0850826684,0.120960203
0.176,0.0551561948,0.0872679398,0.123411646
0.177,0.0562194725,0.089715651,0.126160932
0.178,0.0580242521,0.0914339902,0.129019047
0.179,0.0585209405,0.0939892762,0.132235772
0.18,0.0603285768,0.0956765336,0.135284769
0.181,0.0616666287,0.0976208917,0.137884296
0.182,0.0634864003,0.0996642405,0.14136706
0.183,0.0649047268,0.102231007,0.143963201
0.184,0.0659544984,0.104086396,0.147460498
0.185,0.0673035385,0.106198494,0.150454127
0.186,0.0680636545,0.107983479,0.152800218
0.187,0.07035821,0.109986009,0.155995755
0.188,0.0713723003,0.112103919,0.15870215
0.189,0.0722566173,0.114571837,0.161246565
0.19,0.073502428,0.116075744,0.164788276
0.191,0.0748559378,0.11843532,0.167026736
0.192,0.0760376233,0.119880283,0.169866509
0.193,0.0773826261,0.122571065,0.172810499
0.194,0.0786100839,0.124112978,0.175221394
0.195,0.0800336966,0.125873312,0.178395445
0.196,0.0814555738,0.127962437,0.180597666
0.197,0.0821715265,0.129414079,0.183080258
0.198,0.08311482,0.131149693,0.185709816
0.199,0.0841929542,0.133166141,0.188250799
0.2,0.0853365362,0.134734268,0.190959051
0.201,0.0863335004,0.136428497,0.192891632
0.202,0.0874720835,0.138418353,0.195145266
0.203,0.0882634123,0.139293182,0.19688524
0.204,0.089366811,0.14094454,0.199133122
0.205,0.0898359918,0.142224147,0.201585247
0.206,0.0914220501,0.143752231,0.203402428
0.207,0.0917300363,0.145118569,0.205090423
0.208,0.0930211408,0.14626301,0.206972841
0.209,0.0932107528,0.147861032,0.208685897
0.21,0.0944029528,0.148495326,0.209545752
0.211,0.0951754744,0.149839195,0.211990721
0.212,0.0953792276,0.151124646,0.213237939
0.213,0.0960378862,0.151895513,0.214272592
0.214,0.0967201392,0.152370355,0.215800242
0.215,0.097476601,0.153393664,0.217312817
0.216,0.0972971734,0.154185514,0.218380044
0.217,0.0975292041,0.155120423,0.21918558
0.218,0.0984392697,0.155706626,0.220028694
0.219,0.099095387,0.156217518,0.220903787
0.22,0.0990103208,0.157205239,0.221443161
0.221,0.0995859192,0.157028181,0.222540296
0.222,0.0999241079,0.157759449,0.22287123
0.223,0.100233736,0.158374383,0.223713143
0.224,0.0999806944,0.15847572,0.223883217
0.225,0.100208972,0.159270406,0.224483549
0.226,0.100726248,0.159023061,0.224890698
0.227,0.100536751,0.159295016,0.224854951
0.228,0.1007882,0.159129159,0.225063775
0.229,0.100482671,0.158772489,0.224454083
0.23,0.100206599,0.159278419,0.224936984
0.231,0.100559193,0.158882451,0.224716454
0.232,0.100423391,0.159183174,0.224542869
0.233,0.10041555,0.158944158,0.224147358
0.234,0.100023746,0.158273175,0.224543799
0.235,0.100198526,0.15827501,0.223919983
0.236,0.0998765855,0.158138972,0.223733546
0.237,0.0995699498,0.157893492,0.223244589
0.238,0.0990420777,0.157734262,0.222089992
0.239,0.0995036396,0.157102581,0.221999874
0.24,0.0988063599,0.156012187,0.221355244
0.241,0.0982381501,0.156212034,0.220827899
0.242,0.0982880562,0.15589009,0.219745991
0.243,0.0977328389,0.154428197,0.21934051
0.244,0.097319589,0.154299682,0.219002124
0.245,0.0972507124,0.154297632,0.217664423
0.246,0.096962398,0.153383993,0.217255623
0.247,0.0961026213,0.152398381,0.216000843
0.248,0.0954172562,0.152208623,0.21476772
0.249,0.0953555645,0.151323259,0.214349897
0.25,0.0952750972,0.150566006,0.212835601
0.251,0.0944426222,0.150208396,0.212512666
0.252,0.0943798206,0.148810511,0.211626093
0.253,0.0931832791,0.148279473,0.210678986
0.254,0.0933425723,0.147849184,0.209169396
0.255,0.0925430487,0.146542586,0.208119383
0.256,0.0925108443,0.145928597,0.20679279
0.257,0.0917686168,0.145621327,0.205793189
0.258,0.0912669114,0.14448367,0.205204677
0.259,0.0904210801,0.143760167,0.203547125
0.26,0.0903746541,0.142707703,0.202484571
0.261,0.089603904,0.142330166,0.201589918
0.262,0.0892707321,0.141139624,0.200439376
0.263,0.0885139609,0.140633327,0.199209376
0.264,0.0880195294,0.139424424,0.198115668
0.265,0.0876930329,0.138513442,0.197230495
0.266,0.0873782328,0.138381551,0.195488106
0.267,0.0866691627,0.137332117,0.194599492
0.268,0.0867674306,0.136332318,0.193359008
0.269,0.0858238673,0.135517671,0.192249143
0.27,0.08489895,0.135221482,0.191124306
0.271,0.0847262989,0.133661005,0.189846035
0.272,0.0846023531,0.132925983,0.188860173
0.273,0.0840273434,0.132669327,0.187538624
0.274,0.0828741453,0.131217298,0.186373483
0.275,0.0826979493,0.130426549,0.185201443
0.276,0.0819106433,0.129893078,0.184239102
0.277,0.0808076193,0.129726534,0.183333038
0.278,0.0807153152,0.128431097,0.182273173
0.279,0.0808222629,0.127256598,0.180965185
0.28,0.0801437426,0.126295514,0.180359886
0.281,0.0794831291,0.1256056,0.178233447
0.282,0.0790679028,0.125181022,0.177561903
0.283,0.0782805057,0.124432356,0.176169905
0.284,0.0781089831,0.123489569,0.175472829
0.285,0.0773852473,0.123066459,0.174217321
0.286,0.0770233968,0.122214589,0.17278796
0.287,0.0767858513,0.12127527,0.171973963
0.288,0.0763532465,0.120755127,0.171001318
0.289,0.0755782638,0.119891637,0.170294209
0.29,0.0754722248,0.119412784,0.169183543
0.291,0.0744728199,0.118265989,0.16834717
0.292,0.0740488708,0.118167159,0.166819747
0.293,0.0740181832,0.116871609,0.165962488
0.294,0.0737340351,0.116488705,0.164608616
0.295,0.0731797961,0.115599144,0.163789298
0.296,0.0721484832,0.115205373,0.163504375
0.297,0.0718682439,0.114453198,0.161785895
0.298,0.0719047521,0.113121064,0.16108987
0.299,0.0711956718,0.113105626,0.160101162
0.3,0.0708414446,0.112467439,0.159130993
0.301,0.0708693622,0.111644008,0.158589339
0.302,0.0700631452,0.111149671,0.158091897
0.303,0.069605242,0.110701598,0.156412367
0.304,0.0695914332,0.109572054,0.156076796
0.305,0.0691242958,0.108918332,0.155335414
0.306,0.0683141159,0.108403361,0.153942252
0.307,0.0680800944,0.108362711,0.153246423
0.308,0.0676206221,0.107746994,0.152426479
0.309,0.0675080347,0.10652018,0.151758704
0.31,0.0666480877,0.106468622,0.150618206
0.311,0.0667023233,0.105422445,0.149974141
0.312,0.0663530004,0.105288228,0.14924126
0.313,0.0662245158,0.104565971,0.14866943
0.314,0.0655236009,0.103890028,0.14750208
0.315,0.0653627775,0.103125112,0.147069439
0.316,0.0649647762,0.102958323,0.14652723
0.317,0.0643853195,0.10261996,0.145254539
0.318,0.0640428092,0.101529223,0.144508896
0.319,0.0635552861,0.101582396,0.143895367
0.32,0.0635725262,0.100745728,0.143317375
0.321,0.0628813822,0.100449339,0.142078775
0.322,0.0630852082,0.0997904881,0.141850317
0.323,0.0628343285,0.0992076792,0.140743283
0.324,0.0624539551,0.0991005143,0.140742117
0.325,0.0617167213,0.0982137529,0.139731834
0.326,0.0614096667,0.0980559527,0.138994654
0.327,0.0612454036,0.0972303759,0.138443678
0.328,0.0613751936,0.0970178091,0.137555139
0.329,0.0607350706,0.0962414902,0.137287552
0.33,0.0603051859,0.0963050618,0.136186855
0.331,0.0604137821,0.0959844499,0.135945267
0.332,0.0600542193,0.0946768698,0.135522312
0.333,0.0599540126,0.0951759668,0.134540737
0.334,0.0592214796,0.0944502722,0.134221418
0.335,0.0589291236,0.0938477291,0.133943944
0.336,0.0586542936,0.0933921665,0.132388317
0.337,0.0584101424,0.0927808201,0.131992967
0.338,0.0582787867,0.0923459495,0.13181122
0.339,0.0580972431,0.0927105937,0.130869802
0.34,0.0580623954,0.0921748269,0.131111668
0.341,0.057428702,0.0919285311,0.129987266
0.342,0.0573846076,0.0908866061,0.129668701
0.343,0.0566130367,0.0909170806,0.129080946
0.344,0.0571190488,0.0903495951,0.128106654
0.345,0.0567177482,0.0900373023,0.127827406
0.346,0.0566141539,0.0894113936,0.12757702
0.347,0.056264364,0.0894680541,0.126878005
0.348,0.0558984723,0.0894683098,0.126310634
0.349,0.0557803885,0.0885596006,0.126201216
0.35,0.0555018573,0.0882529751,0.124997608
0.351,0.0557131957,0.0878509706,0.12490164
0.352,0.0550677943,0.0875309204,0.124066249
0.353,0.054918514,0.0873175419,0.124028232
0.354,0.0550903664,0.0873404619,0.123011955
0.355,0.0543327482,0.0865376992,0.12306306
0.356,0.0538386706,0.0862764388,0.122432487
0.357,0.0540919412,0.085969168,0.122194277
0.358,0.0537065842,0.0857429396,0.121709549
0.359,0.0538238556,0.0851286185,0.121041728
0.36,0.0534999455,0.0849219644,0.121064632
0.361,0.0530657342,0.0843528778,0.120246156
0.362,0.0532774301,0.084307795,0.119476173
0.363,0.0527380146,0.0839117884,0.119476667
0.364,0.052536786,0.0839765479,0.118669768
0.365,0.0526679212,0.0836915728,0.118826735
0.366,0.0527037788,0.0832676364,0.118251661
0.367,0.0519060751,0.0831506188,0.117383269
0.368,0.0520163954,0.082848259,0.117389858
0.369,0.0515090696,0.0821063239,0.116984976
0.37,0.0513305644,0.0817344413,0.116663796
0.371,0.0512752983,0.0814647815,0.116159715
0.372,0.0513854365,0.0818711736,0.115995164
0.373,0.0508767914,0.0812811607,0.115673492
0.374,0.0508599762,0.0810578953,0.115129303
0.375,0.0511788692,0.0806689667,0.114928575
0.376,0.0502939319,0.0807964512,0.114334686
0.377,0.0506496441,0.0798709324,0.114052261
0.378,0.0504472135,0.0800974539,0.113752005
0.379,0.0503747601,0.0799287712,0.112922396
0.38,0.0496853807,0.0795531511,0.11287359
0.381,0.0498125946,0.0796521454,0.112917576
0.382,0.0494278561,0.0786775209,0.112186834
0.383,0.0497230609,0.0786218036,0.111894275
0.384,0.0492938631,0.0784717353,0.112109091
0.385,0.0487495027,0.078302709,0.110820863
0.386,0.0494292247,0.0776371406,0.111554716
0.387,0.0490469819,0.0774687203,0.110330393
0.388,0.048864837,0.0776834026,0.110493437
0.389,0.0484739655,0.0770885808,0.110114798
0.39,0.0479469859,0.0772386818,0.109520064
0.391,0.0479731478,0.076963694,0.109438549
0.392,0.0484357329,0.077032224,0.109064883
0.393,0.048018639,0.0762245003,0.109004658
0.394,0.0479600041,0.0757148869,0.108021759
0.395,0.047683983,0.0759400967,0.107916774
0.396,0.0474008822,0.0761410934,0.107921736
0.397,0.0477543627,0.0756842205,0.107289122
0.398,0.0472664902,0.0752322227,0.107153958
0.399,0.0474117129,0.0745530109,0.106946981
0.4,0.0469183986,0.0746013273,0.106463592
0.401,0.047422156,0.0745991536,0.106295123
0.402,0.0466008204,0.0743994217,0.105520362
0.403,0.0465411224,0.0741347129,0.10546521
0.404,0.0466631807,0.0741138793,0.105595436
0.405,0.0467227954,0.0738656459,0.105003803
0.406,0.0465741754,0.0736752456,0.104634757
0.407,0.0460939302,0.0735058048,0.10417428
0.408,0.0464181404,0.0732544758,0.104386479
0.409,0.0458446776,0.0733863385,0.103858646
0.41,0.046137543,0.0728400848,0.103925766
0.411,0.0455233111,0.0724332822,0.103519572
0.412,0.0453706658,0.0725153525,0.103175326
0.413,0.0456894414,0.0724365341,0.103038611
0.414,0.0452585679,0.071900598,0.10269197
0.415,0.0451075197,0.0717967913,0.10209901
0.416,0.0452855628,0.0720615797,0.102722667
0.417,0.0448986831,0.0716111413,0.101420698
0.418,0.0451964548,0.0712247246,0.101484592
0.419,0.0448126327,0.0711856185,0.101287277
0.42,0.0448702383,0.071237498,0.101408302
0.421,0.0447046397,0.0705776353,0.100647934
0.422,0.0444636436,0.0708962659,0.10028894
0.423,0.0445042859,0.0709771055,0.100185114
0.424,0.0441731759,0.0705967594,0.100606916
0.425,0.0445191915,0.0697794333,0.0999347997
0.426,0.0440288849,0.0703390342,0.0991653605
0.427,0.0446904142,0.0697508305,0.0995115568
0.428,0.0433371592,0.0698727013,0.0994806462
0.429,0.0435617989,0.0697627614,0.0997447851
0.43,0.0436957679,0.0690250257,0.0987497015
0.431,0.0433611652,0.0694221628,0.0987436208
0.432,0.0435300089,0.0691682988,0.098179638
0.433,0.0432043837,0.0684207302,0.0982898387
0.434,0.0430236918,0.0678826083,0.0974126854
0.435,0.0432874987,0.0684977967,0.0972718335
0.436,0.0430939156,0.0682989718,0.0975820481
0.437,0.0425372244,0.0681826983,0.0969119235
0.438,0.0429217381,0.0683462146,0.0965969479
0.439,0.0425453331,0.067757858,0.0968728987
0.44,0.0426237876,0.0673133075,0.0964424859
0.441,0.0423416642,0.067578655,0.0957353083
0.442,0.0425754596,0.0678245841,0.096009792
0.443,0.0419702997,0.0674442472,0.0957626632
0.444,0.0423441513,0.0674736574,0.0959956244
0.445,0.0421359776,0.0673682785,0.0954958315
0.446,0.0419885724,0.0666497798,0.0953436826
0.447,0.0421379029,0.0663653924,0.0948057986
0.448,0.0418880869,0.0668392848,0.0949952209
0.449,0.0421596703,0.0665134333,0.0947297546
0.45,0.0415159078,0.0661757346,0.0944586826
0.451,0.0413374211,0.0664205336,0.0941248711
0.452,0.0416021707,0.0660505213,0.0941917615
0.453,0.0416708649,0.0663433473,0.0937793608
0.454,0.0418398559,0.0655604767,0.0938233157
0.455,0.0415371438,0.0656885874,0.093385839
0.456,0.0413748454,0.0657365658,0.0935761957
0.457,0.0410993389,0.065567193,0.0927553756
0.458,0.0412415023,0.065330803,0.0927791898
0.459,0.0408349473,0.065142836,0.0928875713
0.46,0.0410025544,0.0648258859,0.0924867678
0.461,0.0407091641,0.0648067902,0.0925212665
0.462,0.0412484775,0.0642613939,0.0918835308
0.463,0.0407712347,0.0642650288,0.092179254
0.464,0.0406953128,0.0644142027,0.0916955578
0.465,0.0404336595,0.0647071539,0.0920110362
0.466,0.0407086003,0.064674615,0.0913571433
0.467,0.0404128944,0.06416406,0.091362608
0.468,0.0404778345,0.064389023,0.0913282692
0.469,0.039871308,0.0642485041,0.0910258426
0.47,0.040415978,0.0640998687,0.0903235915
0.471,0.0401710787,0.0636761812,0.09048805
0.472,0.0398935868,0.0640027495,0.0904705278
0.473,0.04019262,0.0630147037,0.0903381611
0.474,0.0400672378,0.0638321163,0.0899501456
0.475,0.039674171,0.063229794,0.0899388086
0.476,0.039829106,0.0630568919,0.0900753786
0.477,0.0393121416,0.0631027147,0.0889284019
0.478,0.0392056461,0.0628841756,0.0895353254
0.479,0.0390795228,0.0626029166,0.0894159535
0.48,0.0396125215,0.0625234436,0.0889922228
0.481,0.0399118032,0.0623964466,0.0887259822
0.482,0.0391224493,0.0621393918,0.0889408156
0.483,0.0390947053,0.0623784398,0.0888522052
0.484,0.038770114,0.0624595281,0.0882248051
0.485,0.0386055355,0.0620289932,0.0886295819
0.486,0.038953137,0.0616924089,0.0879968326
0.487,0.0388638272,0.0610904719,0.0877705237
0.488,0.0385322201,0.0612649621,0.0878842477
0.489,0.0390532593,0.0615801337,0.0874722772
0.49,0.0382431612,0.0612106543,0.0872514339
0.491,0.038857381,0.0614878678,0.0875841941
0.492,0.0383602784,0.0612405244,0.0870217777
0.493,0.0383950109,0.0607649392,0.0867577253
0.494,0.0384830613,0.0609075855,0.086343821
0.495,0.0384264702,0.0613486485,0.0868598519
0.496,0.0385959936,0.0608587488,0.0863884586
0.497,0.0384050183,0.0603686249,0.0864051669
0.498,0.0378129222,0.0606851705,0.0861857193
0.499,0.0379235677,0.0603268647,0.086579987
0.5,0.0381679809,0.0604321026,0.0859451532
0.501,0.0379577181,0.0605207788,0.0857491343
0.502,0.0379046914,0.0599682614,0.0856356297
0.503,0.0374340646,0.0598528923,0.0854413844
0.504,0.0380238617,0.0599036142,0.0855807755
0.505,0.0376306108,0.0602894591,0.0851319582
0.506,0.0379059192,0.0597303163,0.0853001448
0.507,0.0377136623,0.0596261331,0.0851349928
0.508,0.0376044619,0.059274588,0.0849410447
0.509,0.0372032098,0.0597054565,0.0850789261
0.51,0.0375444185,0.0596707038,0.0844129276
0.511,0.0373928803,0.0594905109,0.0845473375
0.512,0.0372058817,0.0591667086,0.0845769203
0.513,0.0369708391,0.0589183287,0.0843277949
0.514,0.0375423023,0.0591496416,0.0841431047
0.515,0.0372607925,0.0591029767,0.0841979521
0.516,0.037116175,0.0584201629,0.0837436562
0.517,0.0369235206,0.0587208193,0.0839918831
0.518,0.0366799867,0.058681223,0.083814218
0.519,0.0365388336,0.058384693,0.0837046927
0.52,0.0368454461,0.0584800196,0.0825301737
0.521,0.0363130145,0.0582683303,0.0830894066
0.522,0.0368835848,0.0583732239,0.083615125
0.523,0.0370430422,0.0583854977,0.0831778637
0.524,0.036593812,0.058159722,0.082663248
0.525,0.036649592,0.0579889269,0.0826005131
0.526,0.035847228,0.0575710093,0.0826846778
0.527,0.036276077,0.0577897614,0.0822866705
0.528,0.0362216717,0.0580159026,0.0819662842
0.529,0.0358796168,0.0576443243,0.0817771732
0.53,0.0362052072,0.0575696909,0.0821858373
0.531,0.0357495629,0.057520727,0.0814553036
0.532,0.0357218887,0.057362318,0.0816787682
0.533,0.0360950205,0.0571230999,0.0821482013
0.534,0.0358916748,0.0568219077,0.0814769162
0.535,0.0360609339,0.0571725464,0.0815342608
0.536,0.0355605242,0.0568330476,0.0810160109
0.537,0.0362798131,0.0573727956,0.0809680638
0.538,0.0354821534,0.0570737341,0.0807192041
0.539,0.0354538201,0.0570689399,0.0808810032
0.54,0.0352020148,0.0569529997,0.0802998094
0.541,0.0354672223,0.056720844,0.0806362345
0.542,0.0357523653,0.0567678027,0.0808557593
0.543,0.0355179551,0.0561291351,0.0807233489
0.544,0.0353053865,0.0560936634,0.0801884738
0.545,0.0354379541,0.0559427205,0.0799899957
0.546,0.0349601059,0.0556481486,0.0802811906
0.547,0.0350366487,0.0561221779,0.0798243586
0.548,0.0351159372,0.056455858,0.0796523417
0.549,0.0348618431,0.0556660651,0.0795022969
0.55,0.0349997061,0.0562291622,0.0791992455
0.551,0.03484509,0.0556583952,0.0792359628
0.552,0.0347367856,0.0553557343,0.0794967174
0.553,0.0351511235,0.0555554297,0.079224412
0.554,0.0347834727,0.0556616963,0.079446605
0.555,0.0349222708,0.0556307954,0.0788680298
0.556,0.0348121216,0.0553303832,0.07886114
0.557,0.035055371,0.0552093857,0.0789526801
0.558,0.0347652156,0.0551563759,0.0787954294
0.559,0.0347869642,0.0556073242,0.0787496008
0.56,0.0346548692,0.0550948111,0.0783795064
0.561,0.0345318732,0.0546700156,0.0785908609
0.562,0.034588095,0.0551185039,0.077785923
0.563,0.0342318854,0.0553925044,0.0782223133
0.564,0.0344539222,0.0547945591,0.0777751458
0.565,0.0347113966,0.0548093862,0.0778026319
0.566,0.0338221216,0.0548422255,0.0776982713
0.567,0.0343767965,0.055129663,0.077808766
0.568,0.0342295492,0.0545574058,0.0778434838
0.569,0.0343290007,0.0547542477,0.077174517
0.57,0.0338475828,0.0542396541,0.0773236554
0.571,0.0340642749,0.0540241665,0.077412542
0.572,0.0337043925,0.0540301028,0.077131913
0.573,0.0336249658,0.053933852,0.0766171325
0.574,0.033805188,0.0540658052,0.0769811029
0.575,0.0337970322,0.0541456205,0.0769975738
0.576,0.033358157,0.0535656121,0.0762839676
0.577,0.0338197094,0.0538605931,0.0768879073
0.578,0.0341153628,0.0537355242,0.0766348876
0.579,0.0336344968,0.0538915689,0.076401417
0.58,0.0337729362,0.0536314342,0.0765912074
0.581,0.0337619147,0.0538660083,0.0760867384
0.582,0.0338714015,0.0535118035,0.0759296042
0.583,0.0335749482,0.053596884,0.0761072108
0.584,0.033309059,0.0534346359,0.0759148921
0.585,0.033367462,0.0529326805,0.0763009695
0.586,0.0332766441,0.0539736001,0.0762059824
0.587,0.0335786256,0.0530462072,0.0757551913
0.588,0.0329993669,0.0530918137,0.0755106104
0.589,0.0333715365,0.0531228248,0.0754332298
0.59,0.0331408242,0.0524520611,0.0755018412
0.591,0.0328518667,0.0527777972,0.0750085755
0.592,0.0327369159,0.0531796721,0.0752263024
0.593,0.0331582555,0.0528770729,0.0752443237
0.594,0.032739455,0.0527145332,0.0746294412
0.595,0.0328542105,0.0527129901,0.0745859473
0.596,0.033036333,0.0527098895,0.0751510122
0.597,0.0331961585,0.0521102319,0.0746964372
0.598,0.0327029961,0.0522441586,0.0740644473
0.599,0.0328271094,0.0526651396,0.0744293764
0.6,0.0328192049,0.0525039744,0.0744142397
0.599,0.031885423,0.050634377,0.0701563508
0.598,0.0320628466,0.0499664227,0.0702192607
0.597,0.0315124643,0.0503884127,0.0700027119
0.596,0.0318658945,0.0496773307,0.070021225
0.595,0.0320732116,0.0497502591,0.0699137547
0.594,0.0319438575,0.0500821651,0.0701192353
0.593,0.0317981456,0.0500883209,0.0694042508
0.592,0.0313662116,0.0494252032,0.0699119298
0.591,0.0311585641,0.0500545517,0.0696442752
0.59,0.0315860754,0.0496580954,0.0699209332
0.589,0.0318614096,0.0493854824,0.0692557036
0.588,0.0316006536,0.0492778393,0.0696655238
0.587,0.0313552579,0.0493432623,0.0696355754
0.586,0.0311404489,0.0495528183,0.0691251041
0.585,0.0310845149,0.0494010644,0.0691468343
0.584,0.0314551331,0.0491623846,0.0690911075
0.583,0.0317710291,0.0487643215,0.0690365871
0.582,0.031472286,0.0487993073,0.0688007719
0.581,0.0312890618,0.0486849845,0.0685480982
0.58,0.0308088492,0.0493453393,0.0684161784
0.579,0.0309418094,0.0487993994,0.0686820348
0.578,0.0309581609,0.0489346602,0.0683089571
0.577,0.0309007405,0.0485562416,0.0686607032
0.576,0.0311774102,0.0489000586,0.0681724676
0.575,0.0309441464,0.048173625,0.0681161063
0.574,0.0311150894,0.0484658416,0.0678501002
0.573,0.0311626231,0.0485735226,0.0677917949
0.572,0.0309988729,0.0478691682,0.068234394
0.571,0.0307998243,0.0480742366,0.067752611
0.57,0.0309255144,0.0481361203,0.0674894615
0.569,0.0307568481,0.0481791359,0.0680617145
0.568,0.0303378017,0.0479452465,0.0675752784
0.567,0.0304433625,0.0480897412,0.0671859111
0.566,0.0302180021,0.048487428,0.0676070262
0.565,0.0306902302,0.0478260987,0.0670878197
0.564,0.0306958288,0.0478199081,0.0673673247
0.563,0.0305363543,0.0478909148,0.0670179656
0.562,0.0306612273,0.0482376149,0.0672538152
0.561,0.0304875059,0.0476991783,0.0669584011
0.56,0.0306783755,0.0475313582,0.0671288911
0.559,0.030576217,0.0474208789,0.0669723088
0.558,0.0301196995,0.0470284922,0.0668645366
0.557,0.0300303277,0.0473923635,0.0669174249
0.556,0.0297928807,0.0474799344,0.0664493598
0.555,0.0303657209,0.0468070554,0.0664200209
0.554,0.0302796845,0.0472759121,0.0666909762
0.553,0.0295600766,0.0474958821,0.0665003601
0.552,0.0301288098,0.0476798169,0.0659956577
0.551,0.0299284171,0.0477203825,0.0664534421
0.55,0.0298000472,0.0474937997,0.06638043
0.549,0.0297847129,0.0468425181,0.066323967
0.548,0.0304532265,0.0471685235,0.0657281759
0.547,0.0299465364,0.0470609724,0.0658198518
0.546,0.0294401651,0.0470822599,0.0658861468
0.545,0.0301943767,0.0469881933,0.0661740512
0.544,0.0303797843,0.0468610525,0.0657366531
0.543,0.0300736186,0.0466284827,0.0656418746
0.542,0.029914226,0.0466468391,0.0657495868
0.541,0.0298343005,0.0466513673,0.065842204
0.54,0.0298197724,0.046886542,0.0653144769
0.539,0.0296041338,0.0461709129,0.0653100601
0.538,0.0296126123,0.0467648396,0.0653066714
0.537,0.02991963,0.0461259394,0.0651775548
0.536,0.0297804419,0.0462155031,0.0653636137
0.535,0.0299780886,0.0464799911,0.065437616
0.534,0.0297000122,0.0462948604,0.0648161073
0.533,0.0294914082,0.0462091551,0.0649140503
0.532,0.0295727985,0.0466045789,0.064830182
0.531,0.0297028322,0.0459397662,0.064688325
0.53,0.0296211167,0.0463177407,0.0648850061
0.529,0.0293233689,0.0459090687,0.0647070763
0.528,0.0295235068,0.0460599488,0.0645443751
0.527,0.0295993222,0.04610115,0.0644463139
0.526,0.029484854,0.0457539306,0.0644611632
0.525,0.029251238,0.0459194676,0.0645284501
0.524,0.0295608195,0.0465559228,0.0644145037
0.523,0.029049077,0.0456867625,0.0644634126
0.522,0.0291921189,0.0456606841,0.0639668604
0.521,0.0291341442,0.0453561093,0.0637708681
0.52,0.028851537,0.0461602125,0.0637130904
0.519,0.0291368024,0.0455991408,0.0635661834
0.518,0.029442827,0.0459533563,0.0638946526
0.517,0.0289751656,0.0461014619,0.0640715251
0.516,0.0291162548,0.0453319078,0.0638852437
0.515,0.0290179622,0.0451844368,0.0634558739
0.514,0.0288841677,0.0459443741,0.0637883362
0.513,0.0286667541,0.0457258579,0.0639354581
0.512,0.0289319352,0.0453059261,0.0634171256
0.511,0.0288310513,0.0450593535,0.0635077762
0.51,0.0283395595,0.0451150049,0.0630040906
0.509,0.029064417,0.0447293017,0.0637988759
0.508,0.0279458165,0.0448553503,0.0632228935
0.507,0.0284018468,0.0452663663,0.0628473616
0.506,0.0287354393,0.044894259,0.0632794984
0.505,0.0284777932,0.0452124868,0.0628893131
0.504,0.0285255258,0.0452450942,0.063279662
0.503,0.0285736562,0.0449572023,0.0620878437
0.502,0.0281222173,0.0447325562,0.0626351105
0.501,0.0285076931,0.04498598,0.0632059206
0.5,0.0285319549,0.0442203238,0.062403624
0.499,0.0282274102,0.0449964077,0.0630787019
0.498,0.0287446485,0.0445319043,0.0626668915
0.497,0.0281411121,0.0444636151,0.0627114397
0.496,0.0281278351,0.0443745078,0.0623512445
0.495,0.0281689802,0.0445604018,0.0626391017
0.494,0.0281543977,0.0444441063,0.0619742991
0.493,0.0281357427,0.0447280036,0.0620590888
0.492,0.0281151001,0.0440024852,0.0621485139
0.491,0.0278827455,0.0443482288,0.0618328757
0.49,0.028490207,0.0441128637,0.0620755522
0.489,0.0278522159,0.0444625539,0.0618146691
0.488,0.0286492915,0.0441119762,0.0618551647
0.487,0.0279689761,0.0438432001,0.0622475385
0.486,0.028084704,0.0438141904,0.0614918043
0.485,0.0280816607,0.0436462569,0.0617626589
0.484,0.028525541,0.0439621114,0.061989494
0.483,0.0281586303,0.0435178927,0.0614640221
0.482,0.0278935213,0.0442544646,0.061238557
0.481,0.0280607444,0.0438163813,0.0613671392
0.48,0.0279186519,0.0437288777,0.0612819474
0.479,0.0280603276,0.04387735,0.0612737426
0.478,0.0282576943,0.0435602896,0.061127057
0.477,0.0280080686,0.0437080743,0.0609613669
0.476,0.0278716907,0.0434871273,0.0610471737
0.475,0.0278501543,0.0431765034,0.0608312842
0.474,0.0275446495,0.0434778607,0.0613028968
0.473,0.0280182619,0.0432742044,0.0609761479
0.472,0.0275355576,0.0434097438,0.0608465719
0.471,0.0273409525,0.0433602885,0.0610825266
0.47,0.0276421435,0.0435325189,0.0603430375
0.469,0.0277763022,0.0436443088,0.0605348359
0.468,0.0274265293,0.0434082817,0.0603560418
0.467,0.0277236629,0.0430613082,0.0607485378
0.466,0.0274022247,0.0429752135,0.0604215765
0.465,0.0272161965,0.043178374,0.060465137
0.464,0.0277251442,0.043243105,0.0606140923
0.463,0.0272212179,0.0432030107,0.0602845898
0.462,0.0271099185,0.0428139055,0.0601735297
0.461,0.027209764,0.0433821882,0.0601881462
0.46,0.0276322192,0.0427809855,0.0606255234
0.459,0.0271184629,0.0423610597,0.0604425997
0.458,0.027635473,0.0426941268,0.0594763766
0.457,0.0267129876,0.0432684972,0.0591860049
0.456,0.0270548624,0.0427836069,0.0600680085
0.455,0.0278928419,0.0430734627,0.0601527438
0.454,0.0270813874,0.0425964876,0.0592884455
0.453,0.0274527337,0.0426313498,0.0597891977
0.452,0.0274260483,0.0424810788,0.0595308224
0.451,0.0274978408,0.042143549,0.0597390807
0.45,0.0269913521,0.0425456956,0.0599343661
0.449,0.0269115534,0.0426976313,0.0591505819
0.448,0.0267416244,0.0425565726,0.0592123368
0.447,0.0270242037,0.0421826374,0.0596232078
0.446,0.026975172,0.0423137775,0.0591092317
0.445,0.0274478114,0.0422520858,0.0597926902
0.444,0.0270035289,0.0423468629,0.0587332401
0.443,0.0266857,0.0422543206,0.0592565969
0.442,0.0268387558,0.0426744886,0.0591554683
0.441,0.026969602,0.0419762659,0.0591011544
0.44,0.0269966301,0.0422804024,0.0590352988
0.439,0.0270284545,0.0415532317,0.0584774151
0.438,0.0267462986,0.0418799393,0.0591820437
0.437,0.0265496253,0.0422478356,0.0585348493
0.436,0.0264817558,0.042043792,0.0587303796
0.435,0.0267937923,0.0415289812,0.058924524
0.434,0.0262913146,0.0416773773,0.0589581203
0.433,0.0274668502,0.0413698995,0.0587971513
0.432,0.0265088494,0.0415938314,0.0587357299
0.431,0.0268385181,0.0422417797,0.0581794194
0.43,0.0270458049,0.0415416624,0.0581314828
0.429,0.0264416148,0.0416561788,0.0589739939
0.428,0.0262260041,0.0415409227,0.0582591087
0.427,0.0259967292,0.0414439509,0.0579302842
0.426,0.0264055178,0.0416165609,0.0581118572
0.425,0.0260032563,0.0415852018,0.0579070602
0.424,0.0265360321,0.0413132357,0.0579493898
0.423,0.0265382855,0.0416219232,0.058629932
0.422,0.0263971725,0.0416502901,0.0581829394
0.421,0.0265740013,0.0412378087,0.0578716786
0.42,0.0262633732,0.0412137066,0.0580905088
0.419,0.0262698805,0.0412666313,0.0574958259
0.418,0.0264184766,0.0417119466,0.0575591701
0.417,0.0260649548,0.0411570697,0.0577973584
0.416,0.026759167,0.0409116868,0.0573216103
0.415,0.0260518784,0.0407327444,0.057616172
0.414,0.0260320679,0.0414032635,0.0576460468
0.413,0.0257793352,0.0409021031,0.0571361943
0.412,0.0260186189,0.0410299882,0.0571791782
0.411,0.026275094,0.0410410667,0.0571280291
0.41,0.0263152234,0.0411707698,0.0571489184
0.409,0.025990823,0.0407965179,0.0568466982
0.408,0.0264291399,0.0408332618,0.0572339146
0.407,0.0260504374,0.0411137997,0.0571838277
0.406,0.026002609,0.0406378648,0.0570526555
0.405,0.026076825,0.0404929104,0.0569589865
0.404,0.025894195,0.0403660435,0.0570377812
0.403,0.0256487399,0.0410094592,0.0572754806
0.402,0.0260303547,0.0406323043,0.0567965757
0.401,0.025950195,0.0404665076,0.0569425112
0.4,0.0256337611,0.0405626592,0.0567397787
0.399,0.0257967172,0.0401217634,0.056440186
0.398,0.0259854783,0.0406936981,0.0565354384
0.397,0.0257298346,0.0401235622,0.0565204575
0.396,0.0256217418,0.0403813905,0.0568091501
0.395,0.0257569191,0.0406765479,0.0561740894
0.394,0.0255414947,0.0404156064,0.0564996577
0.393,0.0255612601,0.0403528402,0.0562595352
0.392,0.0251826475,0.0404015279,0.0560762859
0.391,0.02510921,0.0404010418,0.0565605037
0.39,0.0255990153,0.0398319431,0.0561944705
0.389,0.0257831715,0.0402336014,0.0559937957
0.388,0.0251195621,0.0399406897,0.0562182345
0.387,0.0257388967,0.0399054849,0.0555696008
0.386,0.0257093338,0.0398313136,0.0558143355
0.385,0.0256187446,0.0396343695,0.0555830914
0.384,0.025291922,0.0399974938,0.0557606913
0.383,0.025434337,0.0393753617,0.0554722672
0.382,0.025213328,0.0401503927,0.0557107949
0.381,0.0245537552,0.0400044388,0.0555442685
0.38,0.0253931046,0.0397059646,0.0558619712
0.379,0.0252218102,0.039240588,0.0554786963
0.378,0.0252125464,0.0401371697,0.0554487991
0.377,0.0252196187,0.0393189861,0.055729518
0.376,0.0254114351,0.0395197704,0.0550565289
0.375,0.0250252411,0.0396282108,0.0551054996
0.374,0.025474402,0.039852618,0.0557814384
0.373,0.0252141659,0.0394115518,0.0548329535
0.372,0.0248727481,0.0393195435,0.0547469906
0.371,0.0251955594,0.0395364347,0.0550980494
0.37,0.0246399987,0.0391433717,0.0548595436
0.369,0.0248165171,0.0392076941,0.0548984143
0.368,0.0248114921,0.0385982238,0.0548121592
0.367,0.0248190645,0.0393479821,0.0549823168
0.366,0.0246294793,0.038357721,0.0546282908
0.365,0.0253516172,0.0393813813,0.0548685747
0.364,0.0248085015,0.0390720644,0.0542939471
0.363,0.0246220712,0.0388704265,0.0544435489
0.362,0.0251017406,0.0389041226,0.05452132
0.361,0.0243182944,0.0387171803,0.0538892742
0.36,0.0243513874,0.0392032137,0.0538621608
0.359,0.0241747597,0.0392356477,0.0539913545
0.358,0.0243763397,0.0389727661,0.0535159634
0.357,0.0245307559,0.0385793921,0.0535285857
0.356,0.02477912,0.0382809236,0.0536489618
0.355,0.0243989975,0.0381363123,0.0537804806
0.354,0.0248374325,0.0383853448,0.0529644051
0.353,0.0246207453,0.0380643393,0.0537462133
0.352,0.0238769968,0.0381647545,0.0534566454
0.351,0.0244063679,0.0384951632,0.0528786735
0.35,0.0241283374,0.0379517024,0.053593864
0.349,0.0241296042,0.0379095997,0.0529468532
0.348,0.0242181882,0.0383010186,0.0533479127
0.347,0.0244267495,0.0379239359,0.0526432133
0.346,0.0240065721,0.0379891753,0.0528353578
0.345,0.023912621,0.0373397403,0.0525143935
0.344,0.0244741934,0.0373853232,0.0524122074
0.343,0.0243900729,0.0372899067,0.052640463
0.342,0.0241325635,0.03739335,0.0525210674
0.341,0.0234747571,0.0373347872,0.0522532617
0.34,0.0233275831,0.0372353239,0.0521372448
0.339,0.0245478053,0.0370048615,0.0515798455
0.338,0.023555616,0.0369985184,0.0519302541
0.337,0.0234367401,0.0368776681,0.0518070343
0.336,0.0235612938,0.0368819297,0.051860665
0.335,0.0231940636,0.0368545441,0.0515755202
0.334,0.0233023295,0.0365269321,0.0512628754
0.333,0.0230105506,0.0366874284,0.0511550825
0.332,0.023542979,0.0368466713,0.0516211136
0.331,0.0229491727,0.0366914232,0.0505530021
0.33,0.0229159233,0.0363113106,0.0510642062
0.329,0.0227488943,0.0358335108,0.0506830086
0.328,0.0229122,0.0360558951,0.0501914229
0.327,0.0225097853,0.0359195816,0.0503721302
0.326,0.0232136927,0.0358171388,0.0504203248
0.325,0.0227219298,0.0354619446,0.0498947064
0.324,0.0224731758,0.0351262517,0.0499384512
0.323,0.0226964553,0.035311633,0.0493998538
0.322,0.0226960768,0.035196163,0.0489262565
0.321,0.0223610609,0.0349946125,0.0491032534
0.32,0.0220280928,0.0350225981,0.0487879338
0.319,0.0221788232,0.0347426125,0.0486733245
0.318,0.0223113571,0.0346048688,0.0486472789
0.317,0.0219832833,0.0346362299,0.0481452513
0.316,0.0219419652,0.0341642923,0.0479942936
0.315,0.0215809612,0.0344726052,0.047314228
0.314,0.0217272149,0.0339356194,0.0469744196
0.313,0.0216577702,0.0339073751,0.0469720844
0.312,0.0214140612,0.0337719708,0.047069232
0.311,0.0209441316,0.0331015672,0.0470301069
0.31,0.0213823226,0.0328476733,0.0462317901
0.309,0.0210713919,0.0325992021,0.045719205
0.308,0.0207251843,0.0327526551,0.045803352
0.307,0.0206093512,0.0327879088,0.0450825997
0.306,0.0208668874,0.0315920814,0.0452304057
0.305,0.0204581718,0.0316296653,0.0451189126
0.304,0.0198703326,0.0312609185,0.0443074601
0.303,0.0202255812,0.0317086902,0.0439986814
0.302,0.0198655277,0.031211908,0.043844648
0.301,0.0198134272,0.0307582645,0.0430968528
0.3,0.0197238859,0.0305054752,0.0424873496
0.299,0.0196702299,0.0304354767,0.0420907134
0.298,0.0193345233,0.0296432896,0.0422244025
0.297,0.0192824442,0.0298997717,0.0415173497
0.296,0.0190851814,0.0296076647,0.0411288816
0.295,0.0186547303,0.029104398,0.0405768275
0.294,0.0181283231,0.0288244624,0.0402049274
0.293,0.0186063455,0.02848243,0.0394248607
0.292,0.0179997141,0.0278450576,0.0393285635
0.291,0.0175618337,0.0275681459,0.038401495
0.29,0.0171264618,0.0267426417,0.0376173306
0.289,0.0168077581,0.0268874109,0.0376195366
0.288,0.0168278346,0.0264147238,0.036768022
0.287,0.0165443031,0.0261953549,0.0358694091
0.286,0.0165691398,0.0255546026,0.0359259503
0.285,0.0159714491,0.0250539927,0.0349689073
0.284,0.0154223248,0.0245557507,0.034163848
0.283,0.0157465205,0.023715749,0.0338798911
0.282,0.0155890951,0.0235097797,0.032400601
0.281,0.0142522033,0.0233517498,0.0316961281
0.28,0.0145814437,0.0222106871,0.0312892516
0.279,0.0139539393,0.0218037452,0.0305388466
0.278,0.0135203624,0.0212596805,0.0294213519
0.277,0.0130405575,0.0205702764,0.0287292851
0.276,0.0132628379,0.019969615,0.0281222603
0.275,0.0126481528,0.0193362025,0.02745805
0.274,0.0114678043,0.0187073645,0.0256617968
0.273,0.0114213977,0.0181853099,0.0248650187
0.272,0.0108741236,0.017245178,0.024222396
0.271,0.0110988947,0.0164917268,0.0231585051
0.27,0.0102606154,0.0153177139,0.0218617035
0.269,0.00974134061,0.0146981693,0.0209229707
0.268,0.00956703139,0.0144509253,0.0199568585
0.267,0.008433579,0.0139379489,0.018961866
0.266,0.00840204194,0.0124852026,0.0179224306
0.265,0.00714150723,0.0114707698,0.0161634763
0.264,0.00680512124,0.0110939128,0.0148581275
0.263,0.00690552825,0.00990702679,0.0133359181
0.262,0.00644018897,0.00912450107,0.0120321369
0.261,0.00505944164,0.00804040106,0.0107262388
0.26,0.00440232459,0.00671170443,0.00950392998
0.259,0.00387261385,0.00608276201,0.00769246074
0.258,0.00277039112,0.00477007572,0.00652708926
0.257,0.00223324062,0.00380419592,0.00497340748
0.256,0.00146152659,0.00245619929,0.00340735413
0.255,0.00117893889,0.00179691498,0.00187464005
0.254,1.87610076e-05,4.98192037e-06,-1.6948194e-05
0.253,-0.000790370214,-0.00136098013,-0.00203702255
0.252,-0.00163422927,-0.00257070046,-0.00373678452
0.251,-0.00238678028,-0.00349099856,-0.00591207525
0.25,-0.00312003835,-0.00524052224,-0.00778560185
0.249,-0.00383777667,-0.00652405848,-0.00938509062
0.248,-0.00499522852,-0.0075553238,-0.0110839301
0.247,-0.00562898798,-0.0092352869,-0.0133180738
0.246,-0.00653380394,-0.0104697422,-0.0156798827
0.245,-0.00770060157,-0.0122844953,-0.017403191
0.244,-0.00849433828,-0.013586534,-0.0196051218
0.243,-0.00956080955,-0.0150036927,-0.0224644177
0.242,-0.0107114277,-0.0169664828,-0.0244216066
0.241,-0.0119725535,-0.0182784241,-0.0264784857
0.24,-0.0128039658,-0.0200011978,-0.0290276585
0.239,-0.0134271313,-0.0221716169,-0.031168255
0.238,-0.0151710436,-0.0233966926,-0.0339317018
0.237,-0.016007848,-0.0251093063,-0.0365567045
0.236,-0.017243541,-0.0272035939,-0.038675275
0.235,-0.0181771556,-0.0292916358,-0.0413950362
0.234,-0.0193579396,-0.0310722413,-0.0433989643
0.233,-0.0208871171,-0.0324850452,-0.0464888152
0.232,-0.0219080566,-0.0344719728,-0.0490758057
0.231,-0.0230667959,-0.0364542394,-0.0517944207
0.23,-0.0243611493,-0.0388216149,-0.0551225744
0.229,-0.0259361481,-0.0401731639,-0.0570490511
0.228,-0.0263609306,-0.042594715,-0.0606777984
0.227,-0.028144931,-0.0449028734,-0.0630486451
0.226,-0.0289438685,-0.0466229561,-0.066370492
0.225,-0.0305832586,-0.0488706849,-0.0687739925
0.224,-0.0320801673,-0.0510306701,-0.0721647572
0.223,-0.0330961761,-0.0528486827,-0.0751314677
0.222,-0.0346485888,-0.0545366665,-0.0774544813
0.221,-0.0357376489,-0.0571480645,-0.0803776337
0.22,-0.037959885,-0.0590274603,-0.0839093775
0.219,-0.0389557261,-0.0609690823,-0.0866251316
0.218,-0.0400804986,-0.0632117658,-0.0893289112
0.217,-0.0417953743,-0.065566036,-0.0924469541
0.216,-0.0433016748,-0.0677258654,-0.0957707348
0.215,-0.0446498381,-0.0695720586,-0.0986296449
0.214,-0.0451413792,-0.0713543819,-0.101495883
0.213,-0.0466182711,-0.0734740968,-0.105082884
0.212,-0.0479084364,-0.0755957122,-0.107030811
0.211,-0.0495012518,-0.078242482,-0.110203995
0.21,-0.0504043094,-0.0799955629,-0.112748418
0.209,-0.0518301524,-0.0818893781,-0.116043599
0.208,-0.0531078964,-0.0837652047,-0.118594467
0.207,-0.0538051827,-0.0863124084,-0.121576121
0.206,-0.0554212677,-0.0882885317,-0.124257376
0.205,-0.0567969773,-0.0897064811,-0.127286589
0.204,-0.0577381566,-0.0921241857,-0.129695432
0.203,-0.0591514611,-0.0937441436,-0.132263705
0.202,-0.0602102764,-0.0952839286,-0.13506113
0.201,-0.0614517203,-0.0966877107,-0.136824615
0.2,-0.0627401395,-0.0985132877,-0.139163414
0.199,-0.0638462658,-0.100109976,-0.141623615
0.198,-0.0643089962,-0.101732703,-0.144078667
0.197,-0.0657219997,-0.103130519,-0.146662685
0.196,-0.066301309,-0.105258773,-0.14889646
0.195,-0.067700832,-0.106402694,-0.15088562
0.194,-0.0682707164,-0.108094688,-0.152045384
0.193,-0.0693545628,-0.109444876,-0.154244243
0.192,-0.0701105697,-0.110427753,-0.156301644
0.191,-0.0705741003,-0.112078526,-0.158034621
0.19,-0.0713689977,-0.11275055,-0.159358284
0.189,-0.0721526436,-0.113993519,-0.16157067
0.188,-0.0726775507,-0.115121246,-0.16248977
0.187,-0.0732436522,-0.115891222,-0.1635867
0.186,-0.07403888,-0.116987885,-0.165155981
0.185,-0.0743748139,-0.117743655,-0.166322817
0.184,-0.0750851157,-0.118995636,-0.167512584
0.183,-0.0754568547,-0.119172404,-0.168518145
0.182,-0.0760878491,-0.120356037,-0.169380318
0.181,-0.0766331626,-0.120742155,-0.170642475
0.18,-0.0765941886,-0.121208486,-0.172142807
0.179,-0.0767275145,-0.121708815,-0.171981751
0.178,-0.077807372,-0.121635339,-0.17271561
0.177,-0.077417932,-0.122651945,-0.173121928
0.176,-0.0775432415,-0.122872271,-0.174423284
0.175,-0.0776146934,-0.123297051,-0.174277588
0.174,-0.0780203736,-0.123387205,-0.174462405
0.173,-0.0781286379,-0.123147686,-0.174821413
0.172,-0.0783005818,-0.123373821,-0.174844132
0.171,-0.0781344297,-0.123468791,-0.175126373
0.17,-0.0781646201,-0.123991902,-0.174956543
0.169,-0.0780613963,-0.123670319,-0.174797016
0.168,-0.0777333579,-0.12373367,-0.174759439
0.167,-0.078377833,-0.123396889,-0.174674429
0.166,-0.0776511843,-0.123487238,-0.174450915
0.165,-0.0773698673,-0.122374244,-0.174089349
0.164,-0.0775343357,-0.12266466,-0.173488067
0.163,-0.0774041793,-0.122339117,-0.173261664
0.162,-0.0773656204,-0.122070769,-0.173345197
0.161,-0.0767596381,-0.121665084,-0.17235943
0.16,-0.0764351986,-0.121170787,-0.171898783
0.159,-0.0763876095,-0.120728896,-0.170903848
0.158,-0.0763942462,-0.120179353,-0.169965084
0.157,-0.0757302694,-0.120143892,-0.169285036
0.156,-0.0752068787,-0.119048852,-0.168871987
0.155,-0.0749465472,-0.118511198,-0.168098062
0.154,-0.0745187257,-0.118274282,-0.16755297
0.153,-0.0744477668,-0.117524732,-0.166263697
0.152,-0.0740882662,-0.116820999,-0.165774975
0.151,-0.0734551481,-0.116450979,-0.164509382
0.15,-0.0727699659,-0.115428105,-0.163520223
0.149,-0.0724866117,-0.114743092,-0.162621632
0.148,-0.0724905433,-0.114225473,-0.162296923
0.147,-0.0718870336,-0.113482454,-0.160405367
0.146,-0.0713783576,-0.112775277,-0.160114005
0.145,-0.07099838,-0.112118216,-0.158540864
0.144,-0.0700068959,-0.111494009,-0.157584603
0.143,-0.0693977224,-0.11060508,-0.156759532
0.142,-0.069327004,-0.109869492,-0.155318411
0.141,-0.0688344582,-0.10928672,-0.154295007
0.14,-0.0679029098,-0.108429678,-0.153228884
0.139,-0.0675702531,-0.107308147,-0.15267712
0.138,-0.0673506615,-0.106400701,-0.151610159
0.137,-0.066881532,-0.105885752,-0.150294586
0.136,-0.0663079017,-0.10499671,-0.149185064
0.135,-0.0660358782,-0.104405965,-0.148081518
0.134,-0.0650857498,-0.103550141,-0.146334439
0.133,-0.0655664395,-0.102535277,-0.145365228
0.132,-0.064293823,-0.102071084,-0.144635998
0.131,-0.0638259384,-0.10107105,-0.143288491
0.13,-0.0630127664,-0.100161121,-0.142293582
0.129,-0.0622860807,-0.0995004879,-0.140773968
0.128,-0.062433187,-0.0982286568,-0.139787022
0.127,-0.0614189854,-0.0978444239,-0.138663613
0.126,-0.0611825077,-0.0970313435,-0.137520547
0.125,-0.0609402588,-0.0961248882,-0.136466505
0.124,-0.0600055019,-0.0956123668,-0.135626921
0.123,-0.0594359984,-0.0942460243,-0.134067903
0.122,-0.0591519574,-0.0939653747,-0.133327754
0.121,-0.0590544169,-0.0932169378,-0.131947627
0.12,-0.0584744194,-0.0923402506,-0.131343337
0.119,-0.0575762483,-0.0915825044,-0.129841189
0.118,-0.0573753933,-0.0906186714,-0.128773128
0.117,-0.0568220252,-0.0902328844,-0.127631772
0.116,-0.0560939885,-0.0888889652,-0.126736672
0.115,-0.0553772211,-0.088561769,-0.125891215
0.114,-0.0552838443,-0.0874359205,-0.124827432
0.113,-0.0547903803,-0.086835278,-0.123475771
0.112,-0.0545132993,-0.0867621033,-0.12250826
0.111,-0.0538967159,-0.0852200877,-0.121920205
0.11,-0.0537165764,-0.0847545852,-0.120789114
0.109,-0.0530324797,-0.0843134275,-0.119723849
0.108,-0.052987216,-0.0840126292,-0.11870248
0.107,-0.0516423248,-0.0826910202,-0.117612279
0.106,-0.0512276623,-0.0821397549,-0.116672467
0.105,-0.0512897929,-0.0816082643,-0.115863308
0.104,-0.0512915943,-0.0808894336,-0.114886725
0.103,-0.0507621773,-0.0798056731,-0.114109976
0.102,-0.0499448211,-0.0794750409,-0.113135876
0.101,-0.0495102586,-0.0787992587,-0.112406568
0.1,-0.0496681153,-0.0785555059,-0.11126051
0.099,-0.0486703441,-0.0777941056,-0.110528525
0.098,-0.0485729192,-0.077063472,-0.109502878
0.097,-0.0481616409,-0.0760895062,-0.10898315
0.096,-0.0472827488,-0.0759011798,-0.108282713
0.095,-0.0478479355,-0.0754303301,-0.106980738
0.094,-0.0473907842,-0.0749059354,-0.106348596
0.093,-0.0464220316,-0.0745304449,-0.10569921
0.092,-0.046117258,-0.0734292663,-0.104147814
0.091,-0.0460218216,-0.0732482938,-0.103871147
0.09,-0.0455523832,-0.072455849,-0.102985004
0.089,-0.0451406361,-0.0714910999,-0.102262232
0.088,-0.0450782405,-0.0714747192,-0.10072506
0.087,-0.0443409444,-0.0710895067,-0.100405455
0.086,-0.0443152192,-0.070234442,-0.0998567031
0.085,-0.044057331,-0.0699954785,-0.0994117335
0.084,-0.0435625095,-0.069453349,-0.0987548997
0.083,-0.0431965561,-0.068625207,-0.0977327158
0.082,-0.0427913541,-0.0684125145,-0.096927724
0.081,-0.0425425025,-0.0680151821,-0.0960145125
0.08,-0.0419081702,-0.067443458,-0.0957061328
0.079,-0.0421904494,-0.0665264522,-0.0947059928
0.078,-0.0423301946,-0.0662778722,-0.0944540204
0.077,-0.0414251243,-0.065650107,-0.0936429809
0.076,-0.0414417297,-0.0655301932,-0.093078669
0.075,-0.0402836483,-0.0647437718,-0.0925187855
0.074,-0.040683362,-0.0643869939,-0.0914255333
0.073,-0.0406124304,-0.064021659,-0.091052101
0.072,-0.0395679604,-0.0634717627,-0.0905989407
0.071,-0.0399904709,-0.0632861652,-0.0901381531
0.07,-0.0401447657,-0.0626636013,-0.0894711859
0.069,-0.038727217,-0.0625239026,-0.088603072
0.068,-0.0393631541,-0.0621905368,-0.0880654041
0.067,-0.0383375744,-0.0616338341,-0.0871630076
0.066,-0.0383380078,-0.0615003949,-0.0869540335
0.065,-0.0382077332,-0.0609184544,-0.0865627475
0.064,-0.0378541841,-0.0602328356,-0.0857933853
0.063,-0.0371605331,-0.0600951401,-0.0851630208
0.062,-0.0372531726,-0.0598536521,-0.0848442941
0.061,-0.036618472,-0.0591128941,-0.0842017306
0.06,-0.0368743999,-0.0591260706,-0.0834562344
0.059,-0.0367147871,-0.0581915018,-0.0831514288
0.058,-0.03642361,-0.057949627,-0.0826798223
0.057,-0.0361140731,-0.0579560814,-0.082013099
0.056,-0.0360142005,-0.0574088093,-0.0814103353
0.055,-0.0357084883,-0.0569349278,-0.0812642644
0.054,-0.0356159588,-0.0569894466,-0.0804849367
0.053,-0.0357449473,-0.0562964314,-0.0799648793
0.052,-0.035406387,-0.0555986668,-0.0796703168
0.051,-0.0350359103,-0.0556379674,-0.0792869492
0.05,-0.0350875643,-0.0549673389,-0.0785753624
0.049,-0.0344717262,-0.054617162,-0.0782058398
0.048,-0.0342258159,-0.0544598941,-0.0775469838
0.047,-0.0341067523,-0.0538596067,-0.0771715485
0.046,-0.0341341339,-0.0538702302,-0.0769311172
0.045,-0.0337194954,-0.0534234022,-0.0764359234
0.044,-0.0333748964,-0.0528382401,-0.0764285586
0.043,-0.0334050032,-0.0527748954,-0.0753394286
0.042,-0.0332193568,-0.0525463628,-0.0754258293
0.041,-0.0325899797,-0.0524523998,-0.0746458856
0.04,-0.0328031567,-0.0523166579,-0.0742691689
0.039,-0.0328762824,-0.0517638981,-0.0741713253
0.038,-0.0324872449,-0.0512187965,-0.0733285827
0.037,-0.0320119075,-0.0514567099,-0.0733108394
0.036,-0.032094783,-0.0506704749,-0.0726864951
0.035,-0.0316122049,-0.0510409471,-0.0724373785
0.034,-0.0315377061,-0.0504088,-0.0716913168
0.033,-0.0316097494,-0.0499787151,-0.0719300566
0.032,-0.0314777652,-0.0499452634,-0.0710607382
0.031,-0.0310771188,-0.049827054,-0.0706041668
0.03,-0.0306928906,-0.0489791568,-0.0703627299
0.029,-0.0307194753,-0.0489818966,-0.0695697686
0.028,-0.0305359025,-0.0488761615,-0.0696459651
0.027,-0.0302016935,-0.0483751297,-0.0693516669
0.026,-0.0302070646,-0.0483207532,-0.0686885025
0.025,-0.0302078515,-0.047649077,-0.0683933902
0.024,-0.0294151885,-0.0476083055,-0.0682836261
0.023,-0.0299824199,-0.0477127527,-0.0679013178
0.022,-0.0295268488,-0.0476274188,-0.0668901846
0.021,-0.0293829517,-0.047283678,-0.0671084467
0.02,-0.0290904992,-0.0469890941,-0.066960402
0.019,-0.0291549708,-0.0465912898,-0.0667712164
0.018,-0.0291181547,-0.0466382272,-0.066690398
0.017,-0.0289543966,-0.0462323581,-0.0657254042
0.016,-0.0285783727,-0.0460178713,-0.0657713666
0.015,-0.0286150932,-0.0457963659,-0.0656313708
0.014,-0.0286867005,-0.0455197401,-0.0652750642
0.013,-0.0284478021,-0.0449636367,-0.0642532191
0.012,-0.0280625373,-0.0447695025,-0.064417081
0.011,-0.0279876525,-0.0446592743,-0.0640532825
0.01,-0.0281786262,-0.0448737499,-0.0635113973
0.009,-0.0278755244,-0.0447791635,-0.0636131422
0.008,-0.0275787139,-0.044452337,-0.0633399444
0.007,-0.0274183225,-0.0439291248,-0.0625940395
0.006,-0.0272832851,-0.0443000767,-0.0630094211
0.005,-0.0274418683,-0.0431929481,-0.0620889172
0.004,-0.0272605898,-0.0435613829,-0.0622210668
0.003,-0.0267970847,-0.0431991819,-0.0617066682
0.002,-0.026863637,-0.0430233446,-0.0616310141
0.001,-0.0268327431,-0.0431510177,-0.061076307
0,-0.0267768375,-0.0429403529,-0.0607721155
-0.001,-0.0268754285,-0.0422594685,-0.0603703617
-0.002,-0.026464607,-0.0425103511,-0.0605291699
-0.003,-0.0266070116,-0.0424425358,-0.0601235159
-0.004,-0.0264514416,-0.0419528229,-0.0597497571
-0.005,-0.0261891623,-0.042104868,-0.0597860577
-0.006,-0.0263160971,-0.0414849006,-0.0592921459
-0.007,-0.0263672004,-0.0415299381,-0.0588447661
-0.008,-0.0262055234,-0.0408825666,-0.0587781234
-0.009,-0.0261742422,-0.0408450436,-0.0578781941
-0.01,-0.0259193904,-0.0408765241,-0.0585494864
-0.011,-0.025469904,-0.0410540382,-0.0581756081
-0.012,-0.0255133998,-0.0407092339,-0.0578850901
-0.013,-0.0255059807,-0.0405227887,-0.0575879762
-0.014,-0.0254382654,-0.0399526918,-0.057306523
-0.015,-0.0251220383,-0.0398139496,-0.0574659417
-0.016,-0.0247952285,-0.039895617,-0.0568824485
-0.017,-0.024901208,-0.0392745106,-0.0567582458
-0.018,-0.0245545199,-0.0395546741,-0.0568392647
-0.019,-0.0244578015,-0.0395354269,-0.0559465653
-0.02,-0.0242672686,-0.0387256085,-0.055542992
-0.021,-0.02437471,-0.0388006993,-0.0555410368
-0.022,-0.0239369971,-0.0394905688,-0.0557427909
-0.023,-0.0243475644,-0.0387747605,-0.0551617853
-0.024,-0.0242050197,-0.0384731759,-0.0551119948
-0.025,-0.0242011655,-0.0383433432,-0.0550427945
-0.026,-0.0242363903,-0.0386740935,-0.0550885272
-0.027,-0.0235922414,-0.0382552654,-0.0548619222
-0.028,-0.0237977782,-0.0382094606,-0.0540770895
-0.029,-0.0234342566,-0.0381792415,-0.0541722972
-0.03,-0.0237141132,-0.0378283355,-0.0538213264
-0.031,-0.0236654211,-0.037577967,-0.0535779121
-0.032,-0.0237440828,-0.0376463459,-0.0539722776
-0.033,-0.0235070633,-0.0371562072,-0.0534731131
-0.034,-0.023285323,-0.0372635487,-0.0524631609
-0.035,-0.0232883443,-0.0371566396,-0.0531946733
-0.036,-0.023246995,-0.0367649023,-0.0528936161
-0.037,-0.0228350064,-0.0362960911,-0.0527156799
-0.038,-0.0231639457,-0.0364536924,-0.0519332293
-0.039,-0.0227892644,-0.036213571,-0.0523245223
-0.04,-0.0229383703,-0.0361820809,-0.0520589719
-0.041,-0.022916906,-0.0364428438,-0.0513034547
-0.042,-0.0226177867,-0.0360376719,-0.0511764897
-0.043,-0.0225829964,-0.0355052112,-0.051458457
-0.044,-0.0225988283,-0.0356873047,-0.0511805707
-0.045,-0.0220963435,-0.0354261206,-0.0513314752
-0.046,-0.0223365825,-0.0355956073,-0.0506044287
-0.047,-0.0220004006,-0.0355246987,-0.0504265198
-0.048,-0.0214704939,-0.0353813021,-0.0505541585
-0.049,-0.0216671535,-0.0352637833,-0.0503377649
-0.05,-0.0217130943,-0.0347855376,-0.050313054
-0.051,-0.0219478288,-0.0348726915,-0.0501625184
-0.052,-0.0216009598,-0.0347850638,-0.0497302997
-0.053,-0.0217377935,-0.0347354679,-0.0492153532
-0.054,-0.0215207205,-0.0342887453,-0.0492541968
-0.055,-0.0217446831,-0.0343804686,-0.0489378392
-0.056,-0.0214186568,-0.0339001972,-0.0490377987
-0.057,-0.0213675772,-0.0344881219,-0.0487134253
-0.058,-0.0211003506,-0.0339700412,-0.0486124043
-0.059,-0.0210398715,-0.0339264612,-0.048539615
-0.06,-0.0211530811,-0.0340011421,-0.048530603
-0.061,-0.0207521303,-0.0339214094,-0.0478953053
-0.062,-0.0210945937,-0.0339804508,-0.0480015923
-0.063,-0.0207881587,-0.0336336871,-0.0475574058
-0.064,-0.0208760422,-0.033133155,-0.0480017582
-0.065,-0.0211388762,-0.0330148133,-0.0470941355
-0.066,-0.0206539057,-0.033144915,-0.0478624081
-0.067,-0.0209937453,-0.0328503538,-0.0475981242
-0.068,-0.0202595367,-0.0326544393,-0.047405887
-0.069,-0.0205450442,-0.033141127,-0.0469145921
-0.07,-0.0204508004,-0.0325233698,-0.0463780249
-0.071,-0.0205019652,-0.0324115264,-0.0464791299
-0.072,-0.0203010812,-0.0322010593,-0.0464413707
-0.073,-0.0201737884,-0.0320306372,-0.0462526068
-0.074,-0.0200800484,-0.0322632006,-0.0462234231
-0.075,-0.020550183,-0.0319238414,-0.0459787283
-0.076,-0.0203374773,-0.032272406,-0.0460253494
-0.077,-0.0196448757,-0.0313364562,-0.0454938333
-0.078,-0.020292547,-0.0317221395,-0.0454883935
-0.079,-0.0196356679,-0.031602322,-0.0456076093
-0.08,-0.0198372332,-0.0310797977,-0.0454965223
-0.081,-0.0193796574,-0.0313570513,-0.0451557683
-0.082,-0.0194949604,-0.0314583157,-0.0448632415
-0.083,-0.0194059842,-0.0313529399,-0.0447482055
-0.084,-0.0196624538,-0.031494389,-0.0444628173
-0.085,-0.0192406217,-0.0310569236,-0.0446198799
-0.086,-0.0193886571,-0.0308599211,-0.0444099673
-0.087,-0.0195177189,-0.0306960734,-0.0444335603
-0.088,-0.0196757203,-0.0308612924,-0.043852944
-0.089,-0.0192751316,-0.0304440778,-0.0436377033
-0.09,-0.0189259251,-0.0305002547,-0.0436098197
-0.091,-0.0190426691,-0.0306355247,-0.0439603
-0.092,-0.0190121901,-0.0301522794,-0.0434376826
-0.093,-0.0187298707,-0.0304146163,-0.0433597421
-0.094,-0.0188658054,-0.0295930847,-0.0436891172
-0.095,-0.0187232468,-0.0304214685,-0.0433312016
-0.096,-0.0189891888,-0.0297503293,-0.0429789966
-0.097,-0.0188750172,-0.0297861757,-0.0429503251
-0.098,-0.0188071346,-0.0297336473,-0.0426115819
-0.099,-0.018583889,-0.0299626308,-0.0429520535
-0.1,-0.0183686069,-0.0298677105,-0.0425708735
-0.101,-0.0185168503,-0.0291908095,-0.0423240515
-0.102,-0.0180148709,-0.0292788038,-0.0425788625
-0.103,-0.0183553845,-0.0295807625,-0.042003791
-0.104,-0.0182307611,-0.0299472754,-0.0421355851
-0.105,-0.017734397,-0.0293457889,-0.041613873
-0.106,-0.0185940578,-0.0290576914,-0.0418720584
-0.107,-0.0178378892,-0.029014031,-0.0414775767
-0.108,-0.0182228652,-0.0288789039,-0.04163817
-0.109,-0.017762934,-0.0288703205,-0.0415197188
-0.11,-0.018055474,-0.0287057205,-0.0408626848
-0.111,-0.0177112534,-0.0286520854,-0.0413977237
-0.112,-0.0181552695,-0.028618122,-0.0410334482
-0.113,-0.017751995,-0.0289265565,-0.0412614386
-0.114,-0.0179649759,-0.0282981855,-0.0410969278
-0.115,-0.0172805849,-0.0285403885,-0.0405576968
-0.116,-0.017792682,-0.0283811419,-0.0401125217
-0.117,-0.0178604773,-0.0283113375,-0.0411773931
-0.118,-0.0179223886,-0.0278330909,-0.0403446162
-0.119,-0.0175580409,-0.0283310011,-0.0400284614
-0.12,-0.0172621248,-0.0283116986,-0.0406166325
-0.121,-0.0173672844,-0.0280007572,-0.0400418753
-0.122,-0.0177416557,-0.0275936058,-0.0395910486
-0.123,-0.0173989357,-0.0274840446,-0.0395423335
-0.124,-0.0171804137,-0.02735184,-0.039679249
-0.125,-0.0172621864,-0.027661816,-0.0397597488
-0.126,-0.0172751888,-0.027745376,-0.039855688
-0.127,-0.0174988629,-0.0272662983,-0.0392024127
-0.128,-0.0170624363,-0.0273230387,-0.0392386279
-0.129,-0.0168140071,-0.0272615097,-0.0391568836
-0.13,-0.0168178816,-0.0275188565,-0.0389261328
-0.131,-0.0166874941,-0.0275501182,-0.0394099076
-0.132,-0.0168106277,-0.0272058333,-0.0387981068
-0.133,-0.0172151653,-0.0271000949,-0.0387578025
-0.134,-0.0170718052,-0.0272402682,-0.0388263237
-0.135,-0.0166813105,-0.026240409,-0.038584328
-0.136,-0.0166162242,-0.0265513257,-0.0384091442
-0.137,-0.0166641262,-0.0269422206,-0.0385998893
-0.138,-0.0170007482,-0.0264152139,-0.0384338604
-0.139,-0.0167984107,-0.0261056339,-0.0379089562
-0.14,-0.0167931947,-0.0265829292,-0.0378711404
-0.141,-0.0166106733,-0.0262839606,-0.0380449207
-0.142,-0.0163637806,-0.0262561441,-0.0379956738
-0.143,-0.016267011,-0.0264296739,-0.0371867649
-0.144,-0.0166314316,-0.0264929172,-0.0374426961
-0.145,-0.0161139963,-0.0261423608,-0.0376670019
-0.146,-0.0162754584,-0.0262725766,-0.0369544775
-0.147,-0.0160381254,-0.0267723007,-0.0374996943
-0.148,-0.0163964694,-0.0258162781,-0.0372862695
-0.149,-0.0162431567,-0.0256702127,-0.0373819458
-0.15,-0.0163299041,-0.0256884289,-0.0369901904
-0.151,-0.0156463906,-0.0255951731,-0.0365692847
-0.152,-0.0157528247,-0.0253528153,-0.036439816
-0.153,-0.0156371048,-0.0253799446,-0.0370735762
-0.154,-0.0159255129,-0.0256130113,-0.0368098214
-0.155,-0.0159835259,-0.0255234819,-0.0366760033
-0.156,-0.0154589764,-0.0248407492,-0.0366274116
-0.157,-0.0156631754,-0.0258725696,-0.0368653408
-0.158,-0.0156929986,-0.0247803743,-0.0355472357
-0.159,-0.0155337391,-0.0252021358,-0.036292268
-0.16,-0.0156368074,-0.0252041591,-0.0363547915
-0.161,-0.015402481,-0.0249661351,-0.0364652155
-0.162,-0.0157477316,-0.0250235419,-0.0363512403
-0.163,-0.0158791048,-0.0243133565,-0.0356777817
-0.164,-0.0155751974,-0.0246207819,-0.0358604617
-0.165,-0.0158950569,-0.0247972392,-0.0357385128
-0.166,-0.0155488385,-0.0248049851,-0.035608275
-0.167,-0.0149991592,-0.0245045377,-0.0357063482
-0.168,-0.0157594235,-0.0245947525,-0.0356104976
-0.169,-0.0154263201,-0.0245783229,-0.0354711182
-0.17,-0.0156048256,-0.0246530787,-0.0353350094
-0.171,-0.0154656046,-0.0241003086,-0.0353946007
-0.172,-0.0150688756,-0.0240423559,-0.0348064938
-0.173,-0.0153705315,-0.0245725104,-0.0346770743
-0.174,-0.0149333073,-0.0239963325,-0.0349080749
-0.175,-0.0145891045,-0.0238802881,-0.0346192948
-0.176,-0.015035344,-0.0244062031,-0.0345029628
-0.177,-0.0151276229,-0.0234311383,-0.0347968354
-0.178,-0.0147881254,-0.0238793382,-0.0342614554
-0.179,-0.0151819971,-0.0238022856,-0.0346293679
-0.18,-0.014337739,-0.0242562705,-0.0347606258
-0.181,-0.0146827286,-0.0234228879,-0.0344019298
-0.182,-0.015040252,-0.0240310144,-0.0340662637
-0.183,-0.0152267202,-0.0235515191,-0.0340639692
-0.184,-0.0146664947,-0.0234630673,-0.0340601449
-0.185,-0.0147073306,-0.0235598539,-0.0340746504
-0.186,-0.0147205905,-0.0234782025,-0.0338908794
-0.187,-0.0145604292,-0.0236027864,-0.0335766449
-0.188,-0.0146172556,-0.0230694101,-0.0337798659
-0.189,-0.0145201097,-0.0232129723,-0.0338278794
-0.19,-0.0147877261,-0.0236056854,-0.0332597382
-0.191,-0.0145789373,-0.0238105571,-0.0332023527
-0.192,-0.0145805046,-0.0232743491,-0.0335412044
-0.193,-0.0149197767,-0.0231479416,-0.0334284352
-0.194,-0.0145028069,-0.0227001316,-0.0331818309
-0.195,-0.0143765101,-0.0228356875,-0.0334867582
-0.196,-0.0139634969,-0.0224678453,-0.0332209425
-0.197,-0.0143030429,-0.0230534343,-0.0328318124
-0.198,-0.0138171194,-0.022702107,-0.0326072086
-0.199,-0.0143162091,-0.0229592446,-0.0328816224
-0.2,-0.0141628105,-0.0232130407,-0.0326794762
