Energy / keV,Counts per channel
0.1,102
0.11,97
0.12,121
0.13,135
0.14,121
0.15,122
0.16,106
0.17,123
0.18,115
0.19,133
0.2,127
0.21,128
0.22,136
0.23,129
0.24,133
0.25,158
0.26,162
0.27,134
0.28,132
0.29,150
0.3,156
0.31,138
0.32,157
0.33,146
0.34,142
0.35,160
0.36,162
0.37,164
0.38,165
0.39,140
0.4,153
0.41,179
0.42,152
0.43,176
0.44,175
0.45,182
0.46,198
0.47,316
0.48,393
0.49,588
0.5,701
0.51,873
0.52,954
0.53,912
0.54,833
0.55,743
0.56,557
0.57,417
0.58,301
0.59,226
0.6,204
0.61,191
0.62,157
0.63,156
0.64,165
0.65,142
0.66,142
0.67,165
0.68,135
0.69,145
0.7,153
0.71,147
0.72,157
0.73,137
0.74,154
0.75,153
0.76,150
0.77,166
0.78,139
0.79,157
0.8,132
0.81,148
0.82,131
0.83,136
0.84,146
0.85,123
0.86,144
0.87,121
0.88,156
0.89,154
0.9,149
0.91,122
0.92,155
0.93,136
0.94,130
0.95,144
0.96,131
0.97,145
0.98,132
0.99,120
1,161
1.01,155
1.02,138
1.03,136
1.04,142
1.05,153
1.06,136
1.07,141
1.08,156
1.09,141
1.1,136
1.11,134
1.12,142
1.13,148
1.14,152
1.15,131
1.16,128
1.17,136
1.18,138
1.19,133
1.2,111
1.21,107
1.22,108
1.23,136
1.24,135
1.25,118
1.26,117
1.27,127
1.28,130
1.29,117
1.3,121
1.31,116
1.32,116
1.33,124
1.34,116
1.35,98
1.36,128
1.37,114
1.38,129
1.39,98
1.4,117
1.41,108
1.42,116
1.43,106
1.44,111
1.45,122
1.46,114
1.47,123
1.48,131
1.49,125
1.5,85
1.51,115
1.52,125
1.53,86
1.54,119
1.55,108
1.56,108
1.57,115
1.58,111
1.59,104
1.6,120
1.61,120
1.62,133
1.63,174
1.64,256
1.65,314
1.66,413
1.67,578
1.68,845
1.69,1000
1.7,1263
1.71,1541
1.72,1786
1.73,1859
1.74,1931
1.75,1774
1.76,1704
1.77,1510
1.78,1354
1.79,1018
1.8,816
1.81,567
1.82,425
1.83,289
1.84,216
1.85,164
1.86,132
1.87,107
1.88,117
1.89,94
1.9,92
1.91,116
1.92,105
1.93,96
1.94,106
1.95,92
1.96,96
1.97,101
1.98,103
1.99,146
2,174
2.01,231
2.02,321
2.03,391
2.04,602
2.05,865
2.06,1034
2.07,1358
2.08,1704
2.09,1995
2.1,2298
2.11,2500
2.12,2638
2.13,2656
2.14,2714
2.15,2560
2.16,2338
2.17,2224
2.18,1916
2.19,1703
2.2,1584
2.21,1296
2.22,1201
2.23,1013
2.24,786
2.25,682
2.26,547
2.27,458
2.28,310
2.29,256
2.3,186
2.31,141
2.32,124
2.33,107
2.34,85
2.35,95
2.36,108
2.37,78
2.38,92
2.39,69
2.4,80
2.41,75
2.42,75
2.43,71
2.44,67
2.45,89
2.46,83
2.47,77
2.48,82
2.49,80
2.5,79
2.51,61
2.52,68
2.53,93
2.54,83
2.55,70
2.56,86
2.57,65
2.58,77
2.59,69
2.6,93
2.61,73
2.62,69
2.63,71
2.64,90
2.65,73
2.66,73
2.67,69
2.68,67
2.69,75
2.7,87
2.71,76
2.72,72
2.73,68
2.74,64
2.75,84
2.76,78
2.77,79
2.78,65
2.79,77
2.8,63
2.81,67
2.82,87
2.83,86
2.84,68
2.85,70
2.86,81
2.87,70
2.88,68
2.89,75
2.9,66
2.91,76
2.92,62
2.93,59
2.94,68
2.95,70
2.96,63
2.97,64
2.98,73
2.99,77
3,66
3.01,67
3.02,70
3.03,86
3.04,77
3.05,69
3.06,67
3.07,55
3.08,66
3.09,60
3.1,57
3.11,50
3.12,68
3.13,56
3.14,70
3.15,73
3.16,70
3.17,55
3.18,64
3.19,69
3.2,75
3.21,61
3.22,64
3.23,64
3.24,62
3.25,61
3.26,66
3.27,57
3.28,62
3.29,68
3.3,55
3.31,63
3.32,61
3.33,65
3.34,60
3.35,45
3.36,71
3.37,58
3.38,65
3.39,56
3.4,63
3.41,65
3.42,55
3.43,60
3.44,60
3.45,67
3.46,62
3.47,57
3.48,61
3.49,65
3.5,70
3.51,58
3.52,71
3.53,55
3.54,59
3.55,61
3.56,58
3.57,63
3.58,51
3.59,71
3.6,53
3.61,60
3.62,72
3.63,58
3.64,59
3.65,58
3.66,61
3.67,63
3.68,49
3.69,64
3.7,55
3.71,59
3.72,52
3.73,53
3.74,50
3.75,42
3.76,58
3.77,69
3.78,59
3.79,51
3.8,57
3.81,54
3.82,58
3.83,55
3.84,61
3.85,58
3.86,73
3.87,51
3.88,53
3.89,66
3.9,61
3.91,45
3.92,59
3.93,43
3.94,65
3.95,55
3.96,51
3.97,47
3.98,64
3.99,44
4,64
4.01,68
4.02,61
4.03,48
4.04,58
4.05,56
4.06,54
4.07,54
4.08,63
4.09,46
4.1,69
4.11,65
4.12,33
4.13,56
4.14,68
4.15,59
4.16,52
4.17,61
4.18,46
4.19,59
4.2,51
4.21,55
4.22,60
4.23,54
4.24,51
4.25,51
4.26,49
4.27,56
4.28,54
4.29,47
4.3,44
4.31,48
4.32,56
4.33,55
4.34,66
4.35,51
4.36,46
4.37,51
4.38,61
4.39,52
4.4,41
4.41,39
4.42,49
4.43,61
4.44,46
4.45,39
4.46,59
4.47,62
4.48,55
4.49,54
4.5,46
4.51,47
4.52,61
4.53,46
4.54,56
4.55,67
4.56,45
4.57,40
4.58,47
4.59,61
4.6,57
4.61,60
4.62,45
4.63,34
4.64,58
4.65,53
4.66,44
4.67,60
4.68,44
4.69,52
4.7,63
4.71,55
4.72,43
4.73,50
4.74,46
4.75,56
4.76,46
4.77,46
4.78,39
4.79,40
4.8,44
4.81,51
4.82,47
4.83,52
4.84,45
4.85,46
4.86,35
4.87,42
4.88,43
4.89,49
4.9,55
4.91,41
4.92,45
4.93,65
4.94,38
4.95,40
4.96,36
4.97,56
4.98,59
4.99,48
5,48
5.01,39
5.02,45
5.03,48
5.04,51
5.05,38
5.06,45
5.07,48
5.08,44
5.09,39
5.1,52
5.11,51
5.12,46
5.13,37
5.14,37
5.15,42
5.16,45
5.17,56
5.18,52
5.19,53
5.2,40
5.21,49
5.22,52
5.23,52
5.24,46
5.25,47
5.26,37
5.27,44
5.28,59
5.29,36
5.3,42
5.31,47
5.32,39
5.33,46
5.34,51
5.35,40
5.36,45
5.37,39
5.38,47
5.39,48
5.4,38
5.41,56
5.42,34
5.43,42
5.44,46
5.45,47
5.46,45
5.47,42
5.48,35
5.49,56
5.5,45
5.51,50
5.52,42
5.53,54
5.54,37
5.55,49
5.56,39
5.57,56
5.58,41
5.59,39
5.6,48
5.61,48
5.62,34
5.63,36
5.64,39
5.65,37
5.66,40
5.67,39
5.68,56
5.69,51
5.7,57
5.71,40
5.72,40
5.73,40
5.74,35
5.75,38
5.76,42
5.77,51
5.78,45
5.79,41
5.8,37
5.81,51
5.82,62
5.83,20
5.84,33
5.85,40
5.86,38
5.87,37
5.88,37
5.89,46
5.9,43
5.91,40
5.92,35
5.93,42
5.94,39
5.95,46
5.96,40
5.97,55
5.98,50
5.99,46
6,51
6.01,44
6.02,40
6.03,41
6.04,60
6.05,39
6.06,32
6.07,40
6.08,54
6.09,48
6.1,54
6.11,31
6.12,30
6.13,42
6.14,50
6.15,35
6.16,47
6.17,35
6.18,45
6.19,40
6.2,31
6.21,37
6.22,37
6.23,27
6.24,41
6.25,44
6.26,32
6.27,39
6.28,47
6.29,37
6.3,42
6.31,38
6.32,54
6.33,41
6.34,41
6.35,32
6.36,29
6.37,37
6.38,37
6.39,31
6.4,39
6.41,43
6.42,55
6.43,48
6.44,46
6.45,48
6.46,52
6.47,32
6.48,44
6.49,30
6.5,38
6.51,39
6.52,52
6.53,40
6.54,50
6.55,46
6.56,41
6.57,30
6.58,46
6.59,39
6.6,37
6.61,30
6.62,34
6.63,45
6.64,46
6.65,40
6.66,42
6.67,32
6.68,39
6.69,34
6.7,25
6.71,42
6.72,52
6.73,39
6.74,40
6.75,35
6.76,41
6.77,43
6.78,50
6.79,34
6.8,36
6.81,55
6.82,38
6.83,32
6.84,36
6.85,29
6.86,42
6.87,34
6.88,38
6.89,35
6.9,42
6.91,49
6.92,53
6.93,53
6.94,39
6.95,40
6.96,34
6.97,42
6.98,45
6.99,37
7,48
7.01,34
7.02,42
7.03,39
7.04,42
7.05,35
7.06,43
7.07,45
7.08,32
7.09,52
7.1,44
7.11,37
7.12,35
7.13,31
7.14,28
7.15,49
7.16,46
7.17,42
7.18,29
7.19,39
7.2,42
7.21,45
7.22,34
7.23,42
7.24,36
7.25,42
7.26,43
7.27,40
7.28,50
7.29,36
7.3,33
7.31,32
7.32,38
7.33,34
7.34,42
7.35,39
7.36,53
7.37,40
7.38,51
7.39,32
7.4,33
7.41,35
7.42,33
7.43,43
7.44,49
7.45,30
7.46,42
7.47,38
7.48,45
7.49,41
7.5,25
7.51,34
7.52,39
7.53,38
7.54,52
7.55,33
7.56,42
7.57,24
7.58,32
7.59,43
7.6,35
7.61,40
7.62,29
7.63,33
7.64,38
7.65,38
7.66,39
7.67,31
7.68,45
7.69,45
7.7,40
7.71,41
7.72,31
7.73,44
7.74,39
7.75,37
7.76,33
7.77,31
7.78,40
7.79,38
7.8,29
7.81,40
7.82,40
7.83,47
7.84,42
7.85,44
7.86,40
7.87,35
7.88,41
7.89,43
7.9,48
7.91,46
7.92,35
7.93,41
7.94,30
7.95,50
7.96,38
7.97,39
7.98,32
7.99,41
8,25
8.01,35
8.02,42
8.03,43
8.04,42
8.05,36
8.06,36
8.07,30
8.08,30
8.09,29
8.1,35
8.11,29
8.12,33
8.13,50
8.14,38
8.15,34
8.16,38
8.17,44
8.18,41
8.19,52
8.2,31
8.21,38
8.22,37
8.23,36
8.24,32
8.25,28
8.26,32
8.27,30
8.28,29
8.29,41
8.3,39
8.31,33
8.32,35
8.33,34
8.34,34
8.35,33
8.36,38
8.37,43
8.38,28
8.39,37
8.4,32
8.41,31
8.42,34
8.43,29
8.44,47
8.45,44
8.46,47
8.47,29
8.48,37
8.49,36
8.5,41
8.51,34
8.52,44
8.53,44
8.54,32
8.55,36
8.56,30
8.57,39
8.58,44
8.59,32
8.6,41
8.61,24
8.62,42
8.63,35
8.64,38
8.65,34
8.66,35
8.67,36
8.68,35
8.69,36
8.7,34
8.71,49
8.72,42
8.73,37
8.74,33
8.75,43
8.76,28
8.77,33
8.78,35
8.79,29
8.8,40
8.81,40
8.82,29
8.83,44
8.84,48
8.85,36
8.86,37
8.87,33
8.88,26
8.89,34
8.9,37
8.91,43
8.92,35
8.93,41
8.94,34
8.95,40
8.96,38
8.97,47
8.98,36
8.99,30
9,43
9.01,49
9.02,33
9.03,37
9.04,45
9.05,41
9.06,26
9.07,43
9.08,30
9.09,29
9.1,36
9.11,42
9.12,43
9.13,36
9.14,34
9.15,36
9.16,45
9.17,40
9.18,41
9.19,40
9.2,42
9.21,25
9.22,33
9.23,30
9.24,31
9.25,29
9.26,28
9.27,38
9.28,38
9.29,44
9.3,41
9.31,29
9.32,37
9.33,30
9.34,41
9.35,62
9.36,45
9.37,36
9.38,34
9.39,46
9.4,40
9.41,25
9.42,40
9.43,35
9.44,42
9.45,49
9.46,45
9.47,46
9.48,61
9.49,62
9.5,61
9.51,60
9.52,68
9.53,81
9.54,111
9.55,102
9.56,129
9.57,128
9.58,166
9.59,151
9.6,184
9.61,202
9.62,244
9.63,249
9.64,299
9.65,320
9.66,312
9.67,333
9.68,369
9.69,370
9.7,351
9.71,370
9.72,396
9.73,369
9.74,347
9.75,346
9.76,324
9.77,319
9.78,295
9.79,259
9.8,272
9.81,245
9.82,199
9.83,195
9.84,169
9.85,146
9.86,129
9.87,101
9.88,104
9.89,102
9.9,75
9.91,74
9.92,67
9.93,58
9.94,46
9.95,58
9.96,42
9.97,29
9.98,49
9.99,39
10,36
10.01,44
10.02,36
10.03,35
10.04,35
10.05,31
10.06,36
10.07,30
10.08,47
10.09,37
10.1,35
10.11,36
10.12,41
10.13,27
10.14,34
10.15,25
10.16,31
10.17,44
10.18,28
10.19,33
10.2,40
10.21,36
10.22,31
10.23,40
10.24,37
10.25,30
10.26,35
10.27,27
10.28,36
10.29,32
10.3,50
10.31,29
10.32,38
10.33,40
10.34,32
10.35,29
10.36,36
10.37,47
10.38,33
10.39,39
10.4,33
10.41,43
10.42,32
10.43,31
10.44,36
10.45,44
10.46,38
10.47,29
10.48,42
10.49,41
10.5,30
10.51,32
10.52,23
10.53,39
10.54,30
10.55,30
10.56,37
10.57,33
10.58,41
10.59,34
10.6,37
10.61,45
10.62,29
10.63,35
10.64,27
10.65,30
10.66,42
10.67,35
10.68,48
10.69,39
10.7,37
10.71,31
10.72,32
10.73,21
10.74,34
10.75,31
10.76,50
10.77,33
10.78,27
10.79,29
10.8,34
10.81,30
10.82,32
10.83,52
10.84,40
10.85,30
10.86,27
10.87,39
10.88,41
10.89,29
10.9,31
10.91,38
10.92,28
10.93,33
10.94,39
10.95,38
10.96,34
10.97,40
10.98,34
10.99,33
11,38
11.01,46
11.02,34
11.03,42
11.04,34
11.05,38
11.06,26
11.07,33
11.08,30
11.09,35
11.1,32
11.11,41
11.12,37
11.13,31
11.14,39
11.15,40
11.16,36
11.17,40
11.18,36
11.19,40
11.2,45
11.21,48
11.22,37
11.23,63
11.24,52
11.25,56
11.26,65
11.27,90
11.28,71
11.29,70
11.3,101
11.31,108
11.32,117
11.33,112
11.34,122
11.35,136
11.36,145
11.37,158
11.38,154
11.39,174
11.4,194
11.41,186
11.42,198
11.43,169
11.44,192
11.45,206
11.46,177
11.47,176
11.48,179
11.49,175
11.5,177
11.51,158
11.52,156
11.53,119
11.54,129
11.55,118
11.56,105
11.57,115
11.58,98
11.59,83
11.6,84
11.61,66
11.62,46
11.63,67
11.64,72
11.65,60
11.66,39
11.67,41
11.68,41
11.69,40
11.7,35
11.71,33
11.72,34
11.73,33
11.74,36
11.75,35
11.76,43
11.77,35
11.78,52
11.79,34
11.8,40
11.81,28
11.82,38
11.83,31
11.84,33
11.85,29
11.86,41
11.87,41
11.88,33
11.89,36
11.9,33
11.91,35
11.92,34
11.93,42
11.94,34
11.95,35
11.96,36
11.97,35
11.98,46
11.99,44
12,36
