Measured concentration / mM,Mean / mg g-1,SD / mg g-1,Model concentration / mM,Langmuir model / mg g-1
0,-0.244467349,0.923319241,0,0
0.2,3.1321625,1.54671331,0.050209205,1.22116689
0.5,10.653408,1.42134029,0.10041841,2.37780713
1,15.108063,1.3639508,0.150627615,3.47490347
2,23.45098,1.49805639,0.20083682,4.51693852
4,31.7839616,3.34680652,0.251046025,5.50795594
8,38.0704681,2.99050521,0.30125523,6.4516129
12,39.0061233,1.37536894,0.351464435,7.3512252
,,,0.40167364,8.20980616
,,,0.451882845,9.03010033
,,,0.50209205,9.81461287
,,,0.552301255,10.565635
,,,0.60251046,11.2852665
,,,0.652719665,11.975435
,,,0.70292887,12.6379137
,,,0.753138075,13.2743363
,,,0.80334728,13.8862102
,,,0.853556485,14.474929
,,,0.90376569,15.0417827
,,,0.953974895,15.5879672
,,,1.0041841,16.1145927
,,,1.05439331,16.6226913
,,,1.10460251,17.1132239
,,,1.15481172,17.5870858
,,,1.20502092,18.0451128
,,,1.25523013,18.4880855
,,,1.30543933,18.916734
,,,1.35564854,19.3317422
,,,1.40585774,19.733751
,,,1.45606695,20.1233616
,,,1.50627615,20.501139
,,,1.55648536,20.8676141
,,,1.60669456,21.2232867
,,,1.65690377,21.5686275
,,,1.70711297,21.9040802
,,,1.75732218,22.2300635
,,,1.80753138,22.5469729
,,,1.85774059,22.8551819
,,,1.90794979,23.155044
,,,1.958159,23.4468938
,,,2.0083682,23.7310481
,,,2.05857741,24.0078074
,,,2.10878661,24.2774566
,,,2.15899582,24.5402663
,,,2.20920502,24.7964934
,,,2.25941423,25.0463822
,,,2.30962343,25.2901649
,,,2.35983264,25.5280628
,,,2.41004184,25.7602862
,,,2.46025105,25.9870359
,,,2.51046025,26.2085032
,,,2.56066946,26.4248705
,,,2.61087866,26.6363119
,,,2.66108787,26.8429938
,,,2.71129707,27.0450751
,,,2.76150628,27.2427078
,,,2.81171548,27.436037
,,,2.86192469,27.6252019
,,,2.91213389,27.8103356
,,,2.9623431,27.9915656
,,,3.0125523,28.1690141
,,,3.06276151,28.3427981
,,,3.11297071,28.5130301
,,,3.16317992,28.6798179
,,,3.21338912,28.8432649
,,,3.26359833,29.0034705
,,,3.31380753,29.1605302
,,,3.36401674,29.3145357
,,,3.41422594,29.4655753
,,,3.46443515,29.6137339
,,,3.51464435,29.7590931
,,,3.56485356,29.9017314
,,,3.61506276,30.0417246
,,,3.66527197,30.1791456
,,,3.71548117,30.3140646
,,,3.76569038,30.4465494
,,,3.81589958,30.5766652
,,,3.86610879,30.704475
,,,3.91631799,30.8300395
,,,3.9665272,30.9534175
,,,4.0167364,31.0746655
,,,4.06694561,31.1938383
,,,4.11715481,31.3109885
,,,4.16736402,31.4261674
,,,4.21757322,31.5394243
,,,4.26778243,31.6508068
,,,4.31799163,31.7603611
,,,4.36820084,31.8681319
,,,4.41841004,31.9741623
,,,4.46861925,32.0784942
,,,4.51882845,32.1811681
,,,4.56903766,32.2822231
,,,4.61924686,32.3816973
,,,4.66945607,32.4796275
,,,4.71966527,32.5760493
,,,4.76987448,32.6709973
,,,4.82008368,32.7645051
,,,4.87029289,32.8566052
,,,4.92050209,32.9473291
,,,4.9707113,33.0367075
,,,5.0209205,33.12477
,,,5.07112971,33.2115455
,,,5.12133891,33.297062
,,,5.17154812,33.3813468
,,,5.22175732,33.4644262
,,,5.27196653,33.5463259
,,,5.32217573,33.6270708
,,,5.37238494,33.7066853
,,,5.42259414,33.7851929
,,,5.47280335,33.8626165
,,,5.52301255,33.9389784
,,,5.57322176,34.0143003
,,,5.62343096,34.0886033
,,,5.67364017,34.161908
,,,5.72384937,34.2342342
,,,5.77405858,34.3056016
,,,5.82426778,34.376029
,,,5.87447699,34.4455348
,,,5.92468619,34.5141371
,,,5.9748954,34.5818534
,,,6.0251046,34.6487007
,,,6.07531381,34.7146956
,,,6.12552301,34.7798543
,,,6.17573222,34.8441926
,,,6.22594142,34.907726
,,,6.27615063,34.9704694
,,,6.32635983,35.0324374
,,,6.37656904,35.0936445
,,,6.42677824,35.1541044
,,,6.47698745,35.2138308
,,,6.52719665,35.2728369
,,,6.57740586,35.3311358
,,,6.62761506,35.3887399
,,,6.67782427,35.4456618
,,,6.72803347,35.5019135
,,,6.77824268,35.5575066
,,,6.82845188,35.6124527
,,,6.87866109,35.6667631
,,,6.92887029,35.7204487
,,,6.9790795,35.7735202
,,,7.0292887,35.8259881
,,,7.07949791,35.8778626
,,,7.12970711,35.9291538
,,,7.17991632,35.9798714
,,,7.23012552,36.030025
,,,7.28033473,36.079624
,,,7.33054393,36.1286775
,,,7.38075314,36.1771944
,,,7.43096234,36.2251836
,,,7.48117155,36.2726535
,,,7.53138075,36.3196126
,,,7.58158996,36.366069
,,,7.63179916,36.4120309
,,,7.68200837,36.457506
,,,7.73221757,36.502502
,,,7.78242678,36.5470265
,,,7.83263598,36.5910868
,,,7.88284519,36.6346902
,,,7.93305439,36.6778437
,,,7.9832636,36.7205543
,,,8.0334728,36.7628287
,,,8.08368201,36.8046736
,,,8.13389121,36.8460955
,,,8.18410042,36.8871008
,,,8.23430962,36.9276958
,,,8.28451883,36.9678865
,,,8.33472803,37.007679
,,,8.38493724,37.0470791
,,,8.43514644,37.0860927
,,,8.48535565,37.1247254
,,,8.53556485,37.1629828
,,,8.58577406,37.2008702
,,,8.63598326,37.2383931
,,,8.68619247,37.2755566
,,,8.73640167,37.312366
,,,8.78661088,37.3488262
,,,8.83682008,37.3849422
,,,8.88702929,37.4207188
,,,8.93723849,37.4561609
,,,8.9874477,37.491273
,,,9.0376569,37.5260598
,,,9.08786611,37.5605257
,,,9.13807531,37.5946752
,,,9.18828452,37.6285127
,,,9.23849372,37.6620423
,,,9.28870293,37.6952683
,,,9.33891213,37.7281947
,,,9.38912134,37.7608257
,,,9.43933054,37.7931651
,,,9.48953975,37.8252168
,,,9.53974895,37.8569847
,,,9.58995816,37.8884726
,,,9.64016736,37.919684
,,,9.69037657,37.9506227
,,,9.74058577,37.9812921
,,,9.79079498,38.0116959
,,,9.84100418,38.0418374
,,,9.89121339,38.07172
,,,9.94142259,38.101347
,,,9.9916318,38.1307217
,,,10.041841,38.1598474
,,,10.0920502,38.188727
,,,10.1422594,38.2173639
,,,10.1924686,38.2457609
,,,10.2426778,38.2739212
,,,10.292887,38.3018476
,,,10.3430962,38.3295431
,,,10.3933054,38.3570105
,,,10.4435146,38.3842526
,,,10.4937238,38.4112722
,,,10.5439331,38.438072
,,,10.5941423,38.4646546
,,,10.6443515,38.4910228
,,,10.6945607,38.517179
,,,10.7447699,38.5431259
,,,10.7949791,38.5688659
,,,10.8451883,38.5944014
,,,10.8953975,38.619735
,,,10.9456067,38.644869
,,,10.9958159,38.6698058
,,,11.0460251,38.6945476
,,,11.0962343,38.7190967
,,,11.1464435,38.7434555
,,,11.1966527,38.767626
,,,11.2468619,38.7916105
,,,11.2970711,38.8154112
,,,11.3472803,38.83903
,,,11.3974895,38.8624691
,,,11.4476987,38.8857305
,,,11.4979079,38.9088163
,,,11.5481172,38.9317284
,,,11.5983264,38.9544688
,,,11.6485356,38.9770394
,,,11.6987448,38.9994421
,,,11.748954,39.0216787
,,,11.7991632,39.0437512
,,,11.8493724,39.0656612
,,,11.8995816,39.0874107
,,,11.9497908,39.1090013
,,,12,39.1304348
