Concentration / mM,Replicate,Adsorption / mg g-1
0,1,0.860675833
0,2,-1.09366964
0,3,-0.706714466
0,4,0.643744417
0,5,-0.926372885
0.2,1,2.05438161
0.2,2,2.5224858
0.2,3,5.43896657
0.2,4,3.94561677
0.2,5,1.69936175
0.5,1,12.5416955
0.5,2,8.64359514
0.5,3,10.1749589
0.5,4,10.7704233
0.5,5,11.136367
1,1,14.1904538
1,2,16.0810268
1,3,16.5956186
1,4,13.2760245
1,5,15.3971913
2,1,21.8137135
2,2,21.8695743
2,3,24.5250681
2,4,24.1097984
2,5,24.9367456
4,1,29.6351818
4,2,34.5587671
4,3,26.9566674
4,4,33.4605925
4,5,34.3085993
8,1,41.0486592
8,2,40.8406918
8,3,34.8841672
8,4,35.0873541
8,5,38.491468
12,1,41.42444
12,2,38.2951885
12,3,38.2863326
12,4,38.1905297
12,5,38.8341255
