Potential / V,Catalyst A,Catalyst B,Support
1.22,0.0180015149,0,0.0332564192
1.22095768,0.0389188553,0.0545972277,0
1.22191537,0.0142889576,0,0
1.22287305,0.00256655648,0.0381497432,0.0106887339
1.22383073,0,0.0191477314,0.0222059919
1.22478842,0,0.00814277196,0
1.2257461,0,0,0.011931077
1.22670379,0,0.0114558003,0.00111777314
1.22766147,0,0,0
1.22861915,0,0.0212451789,0.0172802143
1.22957684,0.0281742109,0.016322968,0
1.23053452,0,0,0
1.2314922,0,0,0.00397707913
1.23244989,0,0,0
1.23340757,0.026713032,0.0725854075,0.00103727136
1.23436526,0.0156692836,0.0125134,0.0104178276
1.23532294,0,0.0294535758,0.0226168795
1.23628062,0,0.00224313858,0.0280910085
1.23723831,0,0,0
1.23819599,0,0.031571193,0.0475442231
1.23915367,0.0517595945,0.0132914318,0.0512819232
1.24011136,0,0.0366406086,0
1.24106904,0.00483604315,0.0584079803,0.0262631377
1.24202673,0.0263517536,0.0420652297,0
1.24298441,0.00697633917,0.0204291104,0
1.24394209,0,0,0.0128490745
1.24489978,0,0.0246255878,0.0298609573
1.24585746,0.0066184086,0.00126207113,0
1.24681514,0,0.0306553083,0
1.24777283,0.022294556,0.0691296773,0.00275229993
1.24873051,0.00699376491,0.0292792659,0.0615160941
1.2496882,0.0124097568,0.0443555162,0.0389448304
1.25064588,0,0.0196007094,0
1.25160356,0.0190522295,0.0035496178,0
1.25256125,0.0311699008,0,0.0423130488
1.25351893,0,0.0146917611,0
1.25447661,0,0,0
1.2554343,0.0176992569,0,0.024948965
1.25639198,0.0241135325,0.0614510365,0
1.25734967,0,0,0.0310501466
1.25830735,0.017122436,0,0
1.25926503,0.0456710903,0,0.0568538877
1.26022272,0,0,0.0456455319
1.2611804,0,0,0
1.26213808,0.049046501,0,0.0345737787
1.26309577,0.0161740969,0.0633343439,0.0208280558
1.26405345,0,0.047309694,0.0048441445
1.26501114,0,0,0.0083785419
1.26596882,0.0205386105,0.0324254036,0.058817421
1.2669265,0.0318695808,0.0309671681,0.0579893935
1.26788419,0,0.00469248959,0
1.26884187,0,0.01443018,0
1.26979955,0.0215027704,0,0.0574332958
1.27075724,0,0,0.0141733562
1.27171492,0.0917321438,0.0100104032,0
1.27267261,0.0718618782,0,0
1.27363029,0.0697175803,0.0159144876,0
1.27458797,0.0274448688,0,0
1.27554566,0.0111895289,0,0.0291501596
1.27650334,0,0.041453579,0
1.27746102,0.0493356796,0,0.0177907687
1.27841871,0,0,0.0137335547
1.27937639,0,0.0444615057,0
1.28033408,0.0250170614,0,0.00818553124
1.28129176,0,0,0
1.28224944,0.0376280039,0,0
1.28320713,0.066245987,0.0664958251,0.0312560519
1.28416481,0.0407021419,0.0856393927,0
1.28512249,0,0.0459667493,0.0465446342
1.28608018,0.0193083095,0.0246287956,0
1.28703786,0.075202585,0.0278521031,0.00314118958
1.28799555,0.0169921755,0,0
1.28895323,0,0,0
1.28991091,0.036378918,0.0076548962,0.000276785215
1.2908686,0.0695335204,0,0
1.29182628,0,0.000769271495,0.0435097227
1.29278396,0.00575128028,0.00611418635,0
1.29374165,0.0497016087,0.0441055634,0
1.29469933,0.00958685646,0,0
1.29565702,0.0489118625,0.0526887323,0
1.2966147,0.0522178894,0,0
1.29757238,0,0.0418358025,0.0362661617
1.29853007,0,0,0.0175111401
1.29948775,0.000495060187,0.0363019188,0
1.30044543,0.0237372613,0,0.0392191369
1.30140312,0.000615123604,0.0354594462,0
1.3023608,0,0.0959367205,0.0362221309
1.30331849,0.0684783923,0.0491283649,0.0204161549
1.30427617,0.00747839605,0.0279452516,0
1.30523385,0,0,0
1.30619154,0.0410023154,0,0.0232956222
1.30714922,0.0384646577,0.032138881,0.0528804598
1.3081069,0,0.0548751941,0.0627461177
1.30906459,0.0130526079,0.0170974638,0
1.31002227,0,0.0318819607,0.0172491962
1.31097996,0.0417884668,0.0805991981,0
1.31193764,0,0,0
1.31289532,0,0.0544205162,0
1.31385301,0.00823534973,0.0374078232,0.00192963052
1.31481069,0.0118967802,0.0163403027,0.0302393259
1.31576837,0.0187009455,0.0110709645,0.0183050353
1.31672606,0.0526203673,0,0
1.31768374,0.0124668554,0.0278865249,0.0651422524
1.31864143,0.0289117346,0.0111143519,0
1.31959911,0.0131666221,0.0716510983,0.0365372964
1.32055679,0,0.0429486987,0
1.32151448,0.00887780323,0.0675782527,0.0817783473
1.32247216,0.0165305201,0.0831472067,0
1.32342984,0,0,0
1.32438753,0.0317848779,0.0106180667,0
1.32534521,0.032438157,0.0244178843,0
1.3263029,0.063388455,0,0.00288353909
1.32726058,0.0366150045,0.0244874272,0
1.32821826,0.0599747554,0.0730726883,0.030570522
1.32917595,0.0126569158,0.0890422924,0.00310544737
1.33013363,0,0.0274373615,0.0222929019
1.33109131,0.0120753402,0.0232297267,0.00711756898
1.332049,0.0468730542,0.0373308036,0
1.33300668,0.0897308313,0,0.047478916
1.33396437,0.0125551373,0,0.0260899297
1.33492205,0.0408509223,0.036123709,0.0699824824
1.33587973,0.0705754688,0.0616739398,0.0385722373
1.33683742,0.0673307068,0.0370512306,0.00642559479
1.3377951,0.0817593336,0.0636530132,0.0199869543
1.33875278,0.0435251188,0.0508766227,0.0899020606
1.33971047,0.10281666,0.07547115,0.0125822337
1.34066815,0.0691669888,0.0897959179,0.0531432596
1.34162584,0.0515925189,0.0121239242,0
1.34258352,0.0664100157,0.0466302493,0.00866352575
1.3435412,0.0102428503,0.0952509517,0
1.34449889,0.0602258475,0.0376982863,0.0091399174
1.34545657,0.0673406496,0.0753779892,0
1.34641425,0.0565944745,0.0470413881,0.0206529408
1.34737194,0.11742289,0.0474944042,0.0418790373
1.34832962,0.0496240661,0.104974964,0
1.34928731,0.0994749335,0.112201414,0.0171537684
1.35024499,0.0550994679,0.132580031,0.0212385916
1.35120267,0.0611888516,0.0436804471,0.0554766518
1.35216036,0.0618778592,0.100926009,0.0808784847
1.35311804,0.0389856645,0.0749881821,0.0813017815
1.35407572,0.109721022,0.0414407837,0.0472960932
1.35503341,0.133822926,0.0791421744,0.0661712292
1.35599109,0.0673743738,0.115622042,0.0851437918
1.35694878,0.119223859,0.0515830949,0.030053915
1.35790646,0.152300484,0.082358096,0.013106124
1.35886414,0.0740406384,0.0789392325,0.0575542374
1.35982183,0.147268779,0.0380822947,0
1.36077951,0.0421262798,0.123447394,0.0763772333
1.36173719,0.144803028,0.0612362694,0
1.36269488,0.127003681,0.19506396,0.0282903194
1.36365256,0.0899714854,0.057161397,0.0652740468
1.36461024,0.138043729,0.114112277,0.016384706
1.36556793,0.200214663,0.134830752,0.0432114505
1.36652561,0.197684928,0.0738277508,0.0418076257
1.3674833,0.154109159,0.120712643,0.0284971991
1.36844098,0.119826963,0.090663731,0.0927931357
1.36939866,0.22631971,0.0942949333,0.0596183925
1.37035635,0.161236133,0.0834664697,0.0758974751
1.37131403,0.134512705,0.0951948042,0.100332817
1.37227171,0.283088821,0.108720088,0.0377987369
1.3732294,0.237491964,0.0892952569,0.0153432161
1.37418708,0.169233878,0.110614059,0.0486957492
1.37514477,0.122732566,0.131913804,0
1.37610245,0.211651799,0.122396125,0.0823062499
1.37706013,0.195073352,0.174745311,0.0967832111
1.37801782,0.259334004,0.141486649,0.0575721201
1.3789755,0.228086571,0.19400985,0.0123569303
1.37993318,0.249358775,0.119604531,0.0879786731
1.38089087,0.260099225,0.0731417099,0.0265864322
1.38184855,0.283852034,0.210937027,0.0673283478
1.38280624,0.329319931,0.16419757,0
1.38376392,0.293098237,0.177173879,0
1.3847216,0.262479956,0.197601926,0.0538710149
1.38567929,0.283015456,0.190197237,0.0324396892
1.38663697,0.311478918,0.201350821,0.0531831317
1.38759465,0.335174374,0.187147362,0.0842434137
1.38855234,0.269122705,0.141551127,0.0645830323
1.38951002,0.310930846,0.180682051,0.00669207799
1.39046771,0.388021804,0.213247062,0.108459305
1.39142539,0.411481033,0.181689512,0.0121223619
1.39238307,0.381573168,0.232812108,0.00599441736
1.39334076,0.479164184,0.192352763,0.0763364219
1.39429844,0.368248866,0.250389102,0.0178284052
1.39525612,0.443285631,0.165271096,0.0322700099
1.39621381,0.493939671,0.266717112,0.0847931027
1.39717149,0.497633022,0.256008758,0.0957303484
1.39812918,0.536422387,0.200153099,0.0600871967
1.39908686,0.520874328,0.287362201,0.068725478
1.40004454,0.494070992,0.309669531,0.0678862647
1.40100223,0.517495057,0.253110303,0.1025524
1.40195991,0.618080767,0.228188168,0.0856093835
1.40291759,0.585181932,0.261526212,0.0896124402
1.40387528,0.669558281,0.250329089,0.0837979917
1.40483296,0.594195571,0.269913849,0.117875311
1.40579065,0.613450946,0.289687431,0.137677558
1.40674833,0.638386991,0.318925776,0.085669895
1.40770601,0.699396571,0.278480189,0.0493099685
1.4086637,0.736017545,0.319465273,0.116049985
1.40962138,0.811762705,0.400492192,0.136238726
1.41057906,0.804009723,0.289629423,0.10082096
1.41153675,0.73825035,0.389801092,0.0657794505
1.41249443,0.866633913,0.365488811,0.115518509
1.41345212,0.877818874,0.383084037,0.0496219838
1.4144098,0.922859638,0.374563853,0.0760146628
1.41536748,0.902951189,0.402644648,0.0480306947
1.41632517,0.956547725,0.420117279,0.11949805
1.41728285,1.00078735,0.432355954,0.0638259403
1.41824053,1.00782864,0.360978898,0.116468387
1.41919822,1.04789876,0.449236193,0.077827253
1.4201559,1.15203733,0.422852464,0.132685191
1.42111359,1.15557529,0.442620916,0.152827286
1.42207127,1.15598372,0.474657427,0.114861683
1.42302895,1.21789219,0.485339006,0.119760678
1.42398664,1.28639354,0.464928196,0.11057956
1.42494432,1.2700357,0.523065706,0.0905765488
1.425902,1.37188578,0.52460831,0.150459968
1.42685969,1.37163747,0.475984645,0.079875949
1.42781737,1.38875618,0.559845469,0.0743757624
1.42877506,1.47344892,0.539943817,0.120452782
1.42973274,1.47099224,0.58150386,0.166479888
1.43069042,1.58327784,0.521222195,0.174489895
1.43164811,1.66423862,0.583612641,0.132108444
1.43260579,1.68690384,0.572312221,0.109636234
1.43356347,1.71463724,0.626710719,0.16391999
1.43452116,1.76845178,0.627119903,0.179370115
1.43547884,1.84702783,0.62604655,0.0809606773
1.43643653,1.90852114,0.645632223,0.156437469
1.43739421,1.97786045,0.640536851,0.212017
1.43835189,1.97844043,0.642541675,0.103785663
1.43930958,2.03320628,0.766441726,0.183501292
1.44026726,2.11722374,0.729259253,0.146137317
1.44122494,2.21839723,0.759795426,0.129495688
1.44218263,2.26504252,0.746653501,0.139375821
1.44314031,2.38774203,0.825893061,0.132995669
1.444098,2.45380505,0.780089128,0.179410944
1.44505568,2.49530788,0.85974985,0.138756192
1.44601336,2.51790629,0.84501097,0.132290587
1.44697105,2.64705023,0.84372672,0.192969241
1.44792873,2.736908,0.887944622,0.175001233
1.44888641,2.73705465,0.907616619,0.197095947
1.4498441,2.90842807,0.88620136,0.0923944755
1.45080178,2.96160327,0.969934286,0.2050809
1.45175947,3.07997735,0.874234868,0.149075422
1.45271715,3.14487482,0.991205084,0.21478797
1.45367483,3.28885913,1.00906692,0.274453503
1.45463252,3.37209982,1.02647596,0.114874528
1.4555902,3.40931832,1.06582057,0.220195626
1.45654788,3.54397606,1.02708207,0.243071935
1.45750557,3.67251857,1.14022447,0.148630387
1.45846325,3.76164792,1.13377597,0.143347019
1.45942094,3.79602737,1.19297595,0.229040387
1.46037862,3.87902,1.13491659,0.217967703
1.4613363,4.03469821,1.19463164,0.177336997
1.46229399,4.12875487,1.26484788,0.241778613
1.46325167,4.24882165,1.28426238,0.244660812
1.46420935,4.39672682,1.26473427,0.150201537
1.46516704,4.48694449,1.32004122,0.246826548
1.46612472,4.59177341,1.35099392,0.223916402
1.46708241,4.68506649,1.40128037,0.274513195
1.46804009,4.74069079,1.46170921,0.22496364
1.46899777,4.95470057,1.49221619,0.265568599
1.46995546,5.1235277,1.42894075,0.314244616
1.47091314,5.19716437,1.50090788,0.300932384
1.47187082,5.30452702,1.61282482,0.317203312
1.47282851,5.37295571,1.56866036,0.318080439
1.47378619,5.61162593,1.68298093,0.225444536
1.47474388,5.72213281,1.62560624,0.251568849
1.47570156,5.83628902,1.69332882,0.240306048
1.47665924,6.06375374,1.7640334,0.322337323
1.47761693,6.15259906,1.75851526,0.294010259
1.47857461,6.26130796,1.86191631,0.284028271
1.47953229,6.38846357,1.8479282,0.233908514
1.48048998,6.57105883,1.91955982,0.358432315
1.48144766,6.75839062,1.92691766,0.346690876
1.48240535,6.91232023,2.00486367,0.311914303
1.48336303,7.05956232,1.98160619,0.371822643
1.48432071,7.20703256,2.08896245,0.305167594
1.4852784,7.36561249,2.1231403,0.264761789
1.48623608,7.52687916,2.11452489,0.332675221
1.48719376,7.67957143,2.17332056,0.393626605
1.48815145,7.79453368,2.31173934,0.371149283
1.48910913,7.98669885,2.29316681,0.393628374
1.49006682,8.23716358,2.40500008,0.410741264
1.4910245,8.31139642,2.4283312,0.394866249
1.49198218,8.52411567,2.52435571,0.369270377
1.49293987,8.65775262,2.48220679,0.35771111
1.49389755,8.79096712,2.57148348,0.423537552
1.49485523,9.00846285,2.62544349,0.408452199
1.49581292,9.19012208,2.73917216,0.381283991
1.4967706,9.31289648,2.77468537,0.430401399
1.49772829,9.60734884,2.82608575,0.413018247
1.49868597,9.79000037,2.79165008,0.390940617
1.49964365,9.97871839,2.90817512,0.472176038
1.50060134,10.1579668,2.97927598,0.489856157
1.50155902,10.3154161,3.04363068,0.430865252
1.5025167,10.4933627,3.16735345,0.457295418
1.50347439,10.7423683,3.22709168,0.518151874
1.50443207,10.8560947,3.21606136,0.492844664
1.50538976,11.0916804,3.2169724,0.466089544
1.50634744,11.302288,3.35221271,0.516634947
1.50730512,11.4769805,3.41424646,0.497124599
1.50826281,11.7379481,3.47977212,0.502135446
1.50922049,11.9074632,3.55483071,0.574179672
1.51017817,12.0863094,3.65676878,0.547828053
1.51113586,12.2983423,3.66405111,0.541544916
1.51209354,12.5496814,3.73535096,0.596271137
1.51305122,12.7034391,3.82055542,0.588874414
1.51400891,12.8808167,3.88169821,0.558819283
1.51496659,13.0600508,3.9767936,0.566721757
1.51592428,13.3001155,4.08770675,0.625861436
1.51688196,13.5942382,4.11801114,0.667395355
1.51783964,13.7960941,4.23088024,0.59521287
1.51879733,13.9756821,4.31802203,0.654283935
1.51975501,14.2096273,4.431775,0.61078578
1.52071269,14.46111,4.409003,0.659121641
1.52167038,14.7242379,4.58155455,0.708154161
1.52262806,14.8721165,4.60669788,0.764796414
1.52358575,15.091639,4.74321136,0.685306458
1.52454343,15.3516335,4.85764422,0.700565025
1.52550111,15.5717216,4.89065385,0.663035966
1.5264588,15.8455087,4.9311432,0.823070277
1.52741648,16.0286848,5.04425609,0.761261809
1.52837416,16.2453303,5.12822562,0.783084292
1.52933185,16.4901309,5.21346512,0.787522654
1.53028953,16.7894515,5.28707651,0.784995558
1.53124722,16.9292637,5.39739487,0.742210857
1.5322049,17.1904256,5.54230061,0.79439912
1.53316258,17.4600353,5.59022991,0.796577323
1.53412027,17.6574166,5.75566783,0.816967818
1.53507795,17.9893968,5.74655516,0.809562046
1.53603563,18.2150532,5.91694698,0.879434841
1.53699332,18.4167348,5.96549656,0.867941769
1.537951,18.6336363,6.05452503,0.90305743
1.53890869,18.8552839,6.15118187,0.941110991
1.53986637,19.1488907,6.27065394,0.943460435
1.54082405,19.4303765,6.43887824,0.966030818
1.54178174,19.6993604,6.43893231,0.955447487
1.54273942,19.9338184,6.60528643,1.01891969
1.5436971,20.1362385,6.64325176,1.07257682
1.54465479,20.42762,6.8245881,0.989134361
1.54561247,20.6806801,6.89055657,0.992325479
1.54657016,20.9614245,7.04037614,1.05171142
1.54752784,21.1610429,7.17082252,0.98993384
1.54848552,21.4821378,7.211683,1.05770929
1.54944321,21.6849907,7.40356791,1.0468064
1.55040089,21.9840405,7.4924406,1.05712782
1.55135857,22.2263528,7.56949009,1.16264349
1.55231626,22.4745735,7.74483742,1.17177978
1.55327394,22.7662527,7.76357882,1.17670042
1.55423163,23.007367,7.97666459,1.21341495
1.55518931,23.2923499,8.02650448,1.20181225
1.55614699,23.4998015,8.15383441,1.22097692
1.55710468,23.8681399,8.33267878,1.21689629
1.55806236,24.0958947,8.44664663,1.29999638
1.55902004,24.2829667,8.45410578,1.31132197
1.55997773,24.6899068,8.68983209,1.32254965
1.56093541,24.8777446,8.7656014,1.39516507
1.5618931,25.1274546,8.93516994,1.41267264
1.56285078,25.3773758,8.98338045,1.37750354
1.56380846,25.6637047,9.15168511,1.35720848
1.56476615,25.9184138,9.30848114,1.42604533
1.56572383,26.2128339,9.47783238,1.46858944
1.56668151,26.5567005,9.52095151,1.50198594
1.5676392,26.7786422,9.71026088,1.45145236
1.56859688,27.0180135,9.74285377,1.51163789
1.56955457,27.3231024,9.98294234,1.59362529
1.57051225,27.6254787,9.97211632,1.5894887
1.57146993,27.8601,10.1757423,1.58096921
1.57242762,28.1981,10.3469489,1.61074208
1.5733853,28.4236761,10.5239023,1.60653882
1.57434298,28.7134047,10.6316301,1.73341376
1.57530067,29.0339549,10.7004056,1.72390001
1.57625835,29.2624264,10.8734032,1.73812956
1.57721604,29.6311599,11.0446148,1.8314552
1.57817372,29.8557679,11.1142666,1.81644431
1.5791314,30.1732418,11.32508,1.86316387
1.58008909,30.4400269,11.4983135,1.90221073
1.58104677,30.7521314,11.596799,1.91823765
1.58200445,31.0529776,11.7209209,1.92842438
1.58296214,31.2871248,11.843528,1.99557086
1.58391982,31.5087818,12.0361789,2.01296999
1.58487751,31.901331,12.1634587,2.02094303
1.58583519,32.1570792,12.3161255,2.02842004
1.58679287,32.4641396,12.5097067,2.08859495
1.58775056,32.7552296,12.5800085,2.13709805
1.58870824,33.0914631,12.7776858,2.19527712
1.58966592,33.3263729,12.9042086,2.14676031
1.59062361,33.6242665,13.093137,2.15759171
1.59158129,33.8807072,13.2088874,2.20767715
1.59253898,34.1774489,13.3688933,2.27177228
1.59349666,34.4351511,13.4953479,2.27039973
1.59445434,34.7651575,13.6749103,2.33724911
1.59541203,35.0737702,13.8478689,2.37604739
1.59636971,35.3513981,14.0448539,2.45265539
1.59732739,35.6526322,14.156266,2.46033878
1.59828508,35.9764167,14.2955892,2.49573477
1.59924276,36.2949173,14.460026,2.58195892
1.60020045,36.6000618,14.6120623,2.62378684
1.60115813,36.8293997,14.7362667,2.69245113
1.60211581,37.1421784,14.9044468,2.68371967
1.6030735,37.4512881,15.1088693,2.70232177
1.60403118,37.7430718,15.3050382,2.734074
1.60498886,38.0437836,15.4103935,2.80158123
1.60594655,38.3335833,15.5573544,2.8661785
1.60690423,38.6948428,15.7828591,2.88000777
1.60786192,38.9230236,15.8981416,2.9189968
1.6088196,39.3187006,16.0343347,2.98720062
1.60977728,39.6010935,16.2132699,2.96891761
1.61073497,39.9625735,16.4361842,3.03674348
1.61169265,40.1891053,16.6007604,3.15239267
1.61265033,40.4580592,16.8158878,3.21383927
1.61360802,40.742038,16.9495602,3.19260491
1.6145657,41.0894402,17.1012025,3.28967372
1.61552339,41.3544641,17.2531891,3.28445418
1.61648107,41.7386035,17.3776951,3.33261021
1.61743875,42.0490005,17.6374382,3.40214391
1.61839644,42.3171169,17.7582816,3.45864948
1.61935412,42.543679,17.9846942,3.46589258
1.6203118,42.9906622,18.0621414,3.6302517
1.62126949,43.2222815,18.221811,3.61613088
1.62222717,43.5385486,18.4492125,3.69586962
1.62318486,43.8339475,18.608247,3.69047181
1.62414254,44.2429249,18.7651441,3.75629023
1.62510022,44.5174573,18.9635199,3.796918
1.62605791,44.7707374,19.1385254,3.89146981
1.62701559,45.084268,19.3447355,3.91545668
1.62797327,45.4370882,19.4748261,3.91658829
1.62893096,45.7300324,19.665355,4.05306044
1.62988864,46.0850421,19.8859512,4.0667132
1.63084633,46.3694515,20.0623667,4.15885582
1.63180401,46.6759184,20.268759,4.14176557
1.63276169,46.9716022,20.3941267,4.18231076
1.63371938,47.290648,20.6331068,4.3827075
1.63467706,47.5795247,20.8001135,4.47149273
1.63563474,47.9399793,20.9362441,4.44312146
1.63659243,48.2325433,21.1365839,4.54506451
1.63755011,48.5522362,21.2996507,4.57366496
1.6385078,48.8635258,21.5519351,4.60840393
1.63946548,49.2011444,21.6419513,4.71192654
1.64042316,49.4662377,21.840589,4.79680268
1.64138085,49.8190045,22.0630745,4.83286584
1.64233853,50.1409536,22.2023122,4.92299303
1.64329621,50.4167752,22.37321,4.96749278
1.6442539,50.7525282,22.5955287,5.01226069
1.64521158,51.0668382,22.8229425,5.11201452
1.64616927,51.4138517,22.9603286,5.14870261
1.64712695,51.739461,23.1832212,5.1998611
1.64808463,52.0862811,23.3144448,5.31040474
1.64904232,52.3811558,23.5224919,5.36415684
1.65,52.619823,23.7626567,5.45352967
