Particle ID,Diameter / nm
1,170.275881
2,244.812579
3,217.414683
4,90.9109284
5,242.623532
6,264.543867
7,189.729146
8,120.921005
9,220.616693
10,114.907292
11,181.065096
12,163.000432
13,120.82331
14,136.457674
15,156.962778
16,232.611112
17,127.521946
18,231.275974
19,187.351864
20,128.105943
21,160.966055
22,304.049526
23,133.487052
24,211.679201
25,218.856972
26,117.144298
27,219.932502
28,296.732648
29,232.39304
30,274.528666
31,169.639214
32,172.046566
33,89.1492449
34,196.13348
35,119.398824
36,162.076158
37,295.317823
38,192.069486
39,113.134753
40,173.624266
41,122.91554
42,139.119522
43,151.647571
44,139.501881
45,85.8537271
46,182.211259
47,194.69477
48,262.190157
49,280.35341
50,137.507319
51,167.833734
52,155.945009
53,181.871236
54,215.025464
55,242.832475
56,178.31542
57,190.300708
58,123.960009
59,144.588163
60,164.532314
61,172.223134
62,158.687921
63,154.026623
64,184.523153
65,161.309928
66,312.153371
67,144.047176
68,189.331727
69,175.268233
70,176.353306
71,227.760704
72,343.98181
73,342.891276
74,302.947328
75,112.588637
76,134.534517
77,111.85805
78,260.099846
79,201.29533
80,178.52941
81,145.54886
82,158.629601
83,485.337437
84,176.250971
85,191.296464
86,207.735278
87,185.576482
88,192.661954
89,267.434796
90,224.061631
91,236.403391
92,204.625875
93,80.4954743
94,150.260053
95,151.571663
96,100.068786
97,211.883115
98,216.925246
99,191.285503
100,185.860483
101,193.161171
102,186.858342
103,281.840059
104,254.220746
105,236.015269
106,220.133436
107,317.49492
108,259.278992
109,181.505574
110,196.277124
111,108.451609
112,286.38993
113,102.029202
114,237.539152
115,219.074667
116,159.435493
117,124.191164
118,128.523235
119,218.147079
120,155.752884
121,178.376747
122,127.2494
123,196.77078
124,104.652818
125,199.554287
126,203.447086
127,151.684106
128,193.824719
129,273.667256
130,245.320408
131,118.265538
132,133.711296
133,266.668603
134,230.451076
135,320.836386
136,111.102178
137,227.507796
138,207.796756
139,382.072633
140,139.972897
141,109.926678
142,195.835049
143,172.864311
144,285.734198
145,218.211933
146,218.490523
147,174.86007
148,148.597914
149,251.332552
150,178.576321
151,296.67861
152,221.744627
153,243.249202
154,174.278544
155,121.609894
156,281.385992
157,187.694549
158,173.131079
159,139.394135
160,145.426904
161,120.727306
162,274.951849
163,227.322668
164,181.521478
165,265.426743
166,177.226733
167,176.111466
168,188.926822
169,278.10159
170,147.587555
171,232.413382
172,211.710216
173,217.416137
174,205.13094
175,160.420325
176,144.300741
177,282.400295
178,201.981464
179,258.63052
180,88.1691778
181,115.98402
182,195.041992
183,194.103527
184,167.119735
185,152.380548
186,265.741757
187,174.824462
188,199.481561
189,254.972291
190,95.2947928
