Polishing time / min,Process A mean,Process A SD,Process B mean,Process B SD
0,35.4949208,2.99549361,35.0606207,1.92773787
1,30.6077208,2.97029466,28.7119553,2.88367814
2,23.6742643,1.62562724,24.3635297,1.20559483
4,15.512921,0.390679928,19.7864554,1.90294583
6,10.1480468,0.571336073,15.6964656,1.24658486
10,4.53814459,0.3101458,10.2587894,0.54891801
15,1.88046337,0.0809133215,5.90050296,0.332249805
20,1.08163142,0.0753322519,3.89112204,0.243610887
30,0.716945241,0.0530134035,1.93172924,0.184192638
