Process,Time / min,Replicate,Rq / nm
Process A,0,1,34.7140051
Process A,0,2,39.9742716
Process A,0,3,31.6068039
Process A,0,4,35.387188
Process A,0,5,35.7923353
Process A,1,1,30.9050653
Process A,1,2,31.1778719
Process A,1,3,26.1894605
Process A,1,4,30.2556487
Process A,1,5,34.5105578
Process A,2,1,23.2154972
Process A,2,2,22.1356254
Process A,2,3,23.4343525
Process A,2,4,23.1448296
Process A,2,5,26.4410169
Process A,4,1,15.6396364
Process A,4,2,14.9787271
Process A,4,3,15.2616541
Process A,4,4,15.7218872
Process A,4,5,15.9627002
Process A,6,1,10.3049473
Process A,6,2,10.9337981
Process A,6,3,9.41915508
Process A,6,4,10.2752042
Process A,6,5,9.80712956
Process A,10,1,4.60090676
Process A,10,2,4.44985149
Process A,10,3,4.16818264
Process A,10,4,4.45486811
Process A,10,5,5.01691394
Process A,15,1,1.97086075
Process A,15,2,1.91311602
Process A,15,3,1.76718391
Process A,15,4,1.92068912
Process A,15,5,1.83046704
Process A,20,1,1.07996722
Process A,20,2,1.05390237
Process A,20,3,1.0401255
Process A,20,4,1.02302775
Process A,20,5,1.21113428
Process A,30,1,0.764104604
Process A,30,2,0.747293377
Process A,30,3,0.716446285
Process A,30,4,0.729093027
Process A,30,5,0.627788911
Process B,0,1,37.0791882
Process B,0,2,35.7063268
Process B,0,3,32.0538155
Process B,0,4,34.4338886
Process B,0,5,36.0298842
Process B,1,1,32.6793473
Process B,1,2,24.9641846
Process B,1,3,28.6641846
Process B,1,4,27.3108558
Process B,1,5,29.941204
Process B,2,1,22.8492271
Process B,2,2,24.5512348
Process B,2,3,23.4256146
Process B,2,4,25.6403491
Process B,2,5,25.3512227
Process B,4,1,22.1738155
Process B,4,2,17.8279154
Process B,4,3,18.839816
Process B,4,4,18.6454991
Process B,4,5,21.4452311
Process B,6,1,17.731592
Process B,6,2,14.9631089
Process B,6,3,15.8834906
Process B,6,4,15.3954136
Process B,6,5,14.5087227
Process B,10,1,10.0700443
Process B,10,2,10.0660773
Process B,10,3,9.71201877
Process B,10,4,10.2741721
Process B,10,5,11.1716347
Process B,15,1,6.03728181
Process B,15,2,6.3118773
Process B,15,3,6.00359223
Process B,15,4,5.45051
Process B,15,5,5.69925344
Process B,20,1,3.90803072
Process B,20,2,4.14052977
Process B,20,3,3.50516799
Process B,20,4,3.85404448
Process B,20,5,4.04783726
Process B,30,1,2.0091732
Process B,30,2,1.79684598
Process B,30,3,2.22218963
Process B,30,4,1.81524317
Process B,30,5,1.81519424
