Energy - E0 / eV,Reference A,Reference B
-40,0.0143921845,0.0156228091
-39.6996997,0.0128237538,0.0151766676
-39.3993994,0.0146975068,0.0124154492
-39.0990991,0.0170905913,0.00744854481
-38.7987988,0.0137218297,0.0138996166
-38.4984985,0.00813469657,0.0110958907
-38.1981982,0.0114292257,0.0125392076
-37.8978979,0.0174341684,0.0152968259
-37.5975976,0.0153358096,0.0131764955
-37.2972973,0.0117310919,0.0167294127
-36.996997,0.0159236967,0.0153540864
-36.6966967,0.0173411637,0.0207253833
-36.3963964,0.0151432216,0.0180545363
-36.0960961,0.0149918054,0.0150435378
-35.7957958,0.0138090566,0.0185780022
-35.4954955,0.0205658982,0.0146370862
-35.1951952,0.0165988559,0.0182661231
-34.8948949,0.019186215,0.0163661714
-34.5945946,0.0184427877,0.0181601691
-34.2942943,0.019683461,0.0168969149
-33.993994,0.0158026759,0.0158864834
-33.6936937,0.0214016706,0.0196907322
-33.3933934,0.0164928468,0.0193397355
-33.0930931,0.0230217621,0.0109437563
-32.7927928,0.0175350162,0.014909582
-32.4924925,0.0185976164,0.013941814
-32.1921922,0.0201811332,0.018934363
-31.8918919,0.0175608193,0.0146604308
-31.5915916,0.0135540493,0.0157551047
-31.2912913,0.0127485794,0.0118662239
-30.990991,0.0199261473,0.0141901936
-30.6906907,0.0180948329,0.0179789858
-30.3903904,0.0167764633,0.0200837453
-30.0900901,0.0220300103,0.0152872628
-29.7897898,0.0165051504,0.014629601
-29.4894895,0.0184881157,0.0177431089
-29.1891892,0.0200277802,0.0186352238
-28.8888889,0.0190300745,0.0173615275
-28.5885886,0.0186569658,0.0224814905
-28.2882883,0.0208825921,0.0188401006
-27.987988,0.0213244695,0.0167682191
-27.6876877,0.0219381986,0.0168200196
-27.3873874,0.0200717093,0.0206865582
-27.0870871,0.0186463322,0.0193952947
-26.7867868,0.0195709288,0.015176442
-26.4864865,0.0217635579,0.0175962976
-26.1861862,0.0241126334,0.0196030809
-25.8858859,0.0240357918,0.0239408263
-25.5855856,0.0175616445,0.020228319
-25.2852853,0.0177474127,0.0196825007
-24.984985,0.0242157966,0.0173503811
-24.6846847,0.0228812243,0.0198604449
-24.3843844,0.0224374575,0.0240201846
-24.0840841,0.0196277496,0.0207710831
-23.7837838,0.0190465816,0.0160947908
-23.4834835,0.0252274741,0.0261161417
-23.1831832,0.0259114594,0.0262575064
-22.8828829,0.0229317282,0.0221713276
-22.5825826,0.023415807,0.0278102628
-22.2822823,0.0263212103,0.0270461061
-21.981982,0.022358547,0.024505082
-21.6816817,0.0268668096,0.0205835955
-21.3813814,0.027311169,0.0246260939
-21.0810811,0.027715143,0.0268864479
-20.7807808,0.0253670633,0.0326373452
-20.4804805,0.0300933677,0.0243121825
-20.1801802,0.0281351512,0.0305785646
-19.8798799,0.0303338488,0.0258577222
-19.5795796,0.0283344801,0.0312328087
-19.2792793,0.033476063,0.0311607041
-18.978979,0.030263715,0.0336219159
-18.6786787,0.0306697312,0.0304246009
-18.3783784,0.0302788158,0.0271241993
-18.0780781,0.0311680515,0.0257880428
-17.7777778,0.0327275586,0.03235537
-17.4774775,0.0318387934,0.031683494
-17.1771772,0.0376450574,0.0326958022
-16.8768769,0.0323626961,0.0278429373
-16.5765766,0.0392407155,0.0281971931
-16.2762763,0.036770515,0.0307189664
-15.975976,0.032366216,0.0293907734
-15.6756757,0.0336766883,0.03500062
-15.3753754,0.0384658832,0.0341593141
-15.0750751,0.0388585451,0.037638004
-14.7747748,0.0371644054,0.0322957075
-14.4744745,0.0389864632,0.0347908798
-14.1741742,0.0435737342,0.0374268975
-13.8738739,0.0374477866,0.0367458863
-13.5735736,0.0413885973,0.0399108439
-13.2732733,0.0374172355,0.033668941
-12.972973,0.0477448769,0.0379526611
-12.6726727,0.0412771237,0.0419291374
-12.3723724,0.0426077402,0.0467728582
-12.0720721,0.0550223774,0.0427178684
-11.7717718,0.0444924093,0.043137695
-11.4714715,0.0509040721,0.0468768369
-11.1711712,0.0529788281,0.0410711563
-10.8708709,0.0530360992,0.0451239066
-10.5705706,0.0601373185,0.0513489694
-10.2702703,0.0615645844,0.0479789289
-9.96996997,0.0590272536,0.046767356
-9.66966967,0.0560885606,0.0475361585
-9.36936937,0.0590058828,0.0540720094
-9.06906907,0.0603811476,0.049193299
-8.76876877,0.06570706,0.0549311365
-8.46846847,0.0675492467,0.0535470455
-8.16816817,0.0726979206,0.0593419082
-7.86786787,0.074477873,0.0582588432
-7.56756757,0.0712585006,0.0572856726
-7.26726727,0.0803385861,0.0566184159
-6.96696697,0.0817337988,0.0632385056
-6.66666667,0.0865395132,0.0619248401
-6.36636637,0.0872768198,0.0680887644
-6.06606607,0.0968453229,0.0692657783
-5.76576577,0.0965740962,0.0732954882
-5.46546547,0.101354331,0.0725500338
-5.16516517,0.111190056,0.0749631237
-4.86486486,0.116050377,0.0849746082
-4.56456456,0.124114974,0.0899662431
-4.26426426,0.13295079,0.093944336
-3.96396396,0.142867982,0.0976105342
-3.66366366,0.153643961,0.105029537
-3.36336336,0.165242104,0.106029147
-3.06306306,0.180608118,0.113881672
-2.76276276,0.200310385,0.121253041
-2.46246246,0.224445723,0.125986345
-2.16216216,0.236066036,0.139533522
-1.86186186,0.266706541,0.156518509
-1.56156156,0.304031011,0.172225998
-1.26126126,0.343364482,0.175489464
-0.960960961,0.384575981,0.19814904
-0.660660661,0.435678701,0.219350828
-0.36036036,0.488919251,0.240677935
-0.0600600601,0.549443767,0.27781178
0.24024024,0.609227361,0.314441897
0.540540541,0.669595936,0.34867561
0.840840841,0.727032806,0.387300871
1.14114114,0.774143532,0.445861126
1.44144144,0.82297357,0.501223925
1.74174174,0.86286138,0.563625942
2.04204204,0.894191558,0.637445403
2.34234234,0.925890902,0.70753331
2.64264264,0.944492533,0.776315132
2.94294294,0.976580418,0.838890014
3.24324324,0.997044093,0.899229741
3.54354354,1.01125338,0.949247616
3.84384384,1.03090758,0.997410338
4.14414414,1.04752127,1.04939609
4.44444444,1.05571373,1.08980769
4.74474474,1.06208773,1.12119735
5.04504505,1.0702071,1.15362284
5.34534535,1.07629394,1.1870244
5.64564565,1.08141481,1.20410169
5.94594595,1.08046903,1.22846803
6.24624625,1.07782747,1.24415387
6.54654655,1.07857044,1.25728898
6.84684685,1.07117166,1.26520298
7.14714715,1.06523689,1.27085313
7.44744745,1.06734668,1.27303622
7.74774775,1.05773624,1.28036606
8.04804805,1.04785454,1.2686511
8.34834835,1.04139321,1.2635365
8.64864865,1.02861499,1.25262608
8.94894895,1.02512674,1.24450932
9.24924925,1.01885476,1.2243263
9.54954955,1.01673295,1.21230742
9.84984985,1.00876015,1.19315328
10.1501502,1.00160514,1.17949602
10.4504505,0.995819503,1.16469112
10.7507508,0.98869449,1.14573473
11.0510511,0.982414531,1.12056037
11.3513514,0.980511227,1.10306658
11.6516517,0.983153109,1.0943512
11.951952,0.970422184,1.07801972
12.2522523,0.972158207,1.05768058
12.5525526,0.964784215,1.04940682
12.8528529,0.973334449,1.0326649
13.1531532,0.963795719,1.02522586
13.4534535,0.963776396,1.01676222
13.7537538,0.965913126,1.00372885
14.0540541,0.965330577,0.999219757
14.3543544,0.969002483,0.98911027
14.6546547,0.967078209,0.982599423
14.954955,0.969124705,0.978390352
15.2552553,0.968781851,0.974116754
15.5555556,0.968454331,0.972049056
15.8558559,0.959628812,0.973364751
16.1561562,0.964548812,0.968151885
16.4564565,0.966458265,0.966075911
16.7567568,0.970028362,0.96697379
17.0570571,0.967967651,0.961878665
17.3573574,0.967350144,0.968599511
17.6576577,0.969260876,0.969706869
17.957958,0.968798157,0.97258892
18.2582583,0.969309158,0.9703103
18.5585586,0.955770047,0.968324197
18.8588589,0.951712358,0.967746008
19.1591592,0.954022999,0.9613478
19.4594595,0.947445079,0.968053143
19.7597598,0.940371579,0.967657878
20.0600601,0.934738819,0.964196143
20.3603604,0.936500545,0.958189052
20.6606607,0.932059928,0.958869358
20.960961,0.924587626,0.95508182
21.2612613,0.926562203,0.952142121
21.5615616,0.923844132,0.938166432
21.8618619,0.915438197,0.946686461
22.1621622,0.914838771,0.942576988
22.4624625,0.911826722,0.933050851
22.7627628,0.904780148,0.92524521
23.0630631,0.908143718,0.926066001
23.3633634,0.903328713,0.919452659
23.6636637,0.909537277,0.917372521
23.963964,0.904720046,0.918021949
24.2642643,0.909915843,0.918216535
24.5645646,0.905095211,0.91236518
24.8648649,0.90009373,0.910502829
25.1651652,0.905925238,0.911251585
25.4654655,0.906757456,0.91453534
25.7657658,0.908308429,0.90860749
26.0660661,0.915670049,0.905065608
26.3663664,0.913874434,0.910802031
26.6666667,0.919540489,0.910707814
26.966967,0.922709428,0.911426525
27.2672673,0.917758643,0.908783924
27.5675676,0.925318453,0.915852718
27.8678679,0.928523228,0.918213604
28.1681682,0.933101267,0.918535687
28.4684685,0.934091684,0.915205334
28.7687688,0.940146197,0.913146566
29.0690691,0.943637441,0.917214799
29.3693694,0.944575913,0.924498246
29.6696697,0.951857675,0.92756591
29.96997,0.94560795,0.931924549
30.2702703,0.953148346,0.934564438
30.5705706,0.955885078,0.935628249
30.8708709,0.96340273,0.940543122
31.1711712,0.966610445,0.943591331
31.4714715,0.974117369,0.952997163
31.7717718,0.972088974,0.954946898
32.0720721,0.976111113,0.949643987
32.3723724,0.983141595,0.954997805
32.6726727,0.978749089,0.957682328
32.972973,0.986860169,0.961316536
33.2732733,0.990179303,0.974071185
33.5735736,0.997537482,0.971126898
33.8738739,0.998557109,0.975177745
34.1741742,1.00279466,0.977056414
34.4744745,1.00684109,0.98426948
34.7747748,1.00757332,0.983108015
35.0750751,1.0166828,0.993502362
35.3753754,1.015436,0.997767552
35.6756757,1.01874987,0.995476865
35.975976,1.02059166,1.00169864
36.2762763,1.02594552,1.00499996
36.5765766,1.01964511,1.00362146
36.8768769,1.02675134,1.00792602
37.1771772,1.03197081,1.01307393
37.4774775,1.03571827,1.01208071
37.7777778,1.0410031,1.01702125
38.0780781,1.04028777,1.02385303
38.3783784,1.04035946,1.02114558
38.6786787,1.03687587,1.02185289
38.978979,1.03229789,1.02788067
39.2792793,1.04337651,1.02654131
39.5795796,1.04080177,1.03061411
39.8798799,1.04172143,1.0317177
40.1801802,1.04794839,1.0336908
40.4804805,1.03277584,1.03637463
40.7807808,1.05051953,1.03679869
41.0810811,1.04265737,1.03330889
41.3813814,1.04123102,1.03968696
41.6816817,1.0467021,1.03827875
41.981982,1.04442096,1.04328899
42.2822823,1.05083322,1.04071774
42.5825826,1.04807182,1.0384795
42.8828829,1.05126264,1.03704296
43.1831832,1.04534045,1.03974935
43.4834835,1.03985189,1.03512123
43.7837838,1.04346787,1.04942586
44.0840841,1.04147912,1.04265463
44.3843844,1.04052983,1.04321857
44.6846847,1.03625115,1.0387198
44.984985,1.03432525,1.04070152
45.2852853,1.03704029,1.04067528
45.5855856,1.0331565,1.03081617
45.8858859,1.03203095,1.0348944
46.1861862,1.02916401,1.03501231
46.4864865,1.02763681,1.03858408
46.7867868,1.02496963,1.03508599
47.0870871,1.02544784,1.03371125
47.3873874,1.02058963,1.03159804
47.6876877,1.01535011,1.02831897
47.987988,1.01016835,1.02746551
48.2882883,1.01270383,1.02545079
48.5885886,1.01255691,1.01948574
48.8888889,1.00744049,1.02183539
49.1891892,1.0090946,1.01972415
49.4894895,0.998109283,1.01333822
49.7897898,1.00042121,1.01362454
50.0900901,0.99591926,1.01254408
50.3903904,0.997128361,1.01041593
50.6906907,0.992312551,1.00772418
50.990991,0.993783457,1.00590875
51.2912913,0.994676183,1.00151383
51.5915916,0.984063932,0.99583758
51.8918919,0.979611582,1.00050519
52.1921922,0.982796431,1.00001003
52.4924925,0.979055152,0.992719122
52.7927928,0.97980943,0.986643607
53.0930931,0.976008627,0.989019277
53.3933934,0.977068937,0.986360042
53.6936937,0.966582364,0.984570938
53.993994,0.972305616,0.983279571
54.2942943,0.970558013,0.976590408
54.5945946,0.969121673,0.982024595
54.8948949,0.963481084,0.978848516
55.1951952,0.965872673,0.974320609
55.4954955,0.952462949,0.976877635
55.7957958,0.956308995,0.971607358
56.0960961,0.953048611,0.973241901
56.3963964,0.951275198,0.968677304
56.6966967,0.951868131,0.968504108
56.996997,0.946617034,0.964820646
57.2972973,0.946324884,0.957235587
57.5975976,0.949072323,0.968624562
57.8978979,0.942862179,0.959983478
58.1981982,0.947896705,0.953899263
58.4984985,0.949223101,0.956820986
58.7987988,0.943024352,0.953857627
59.0990991,0.939125726,0.951837766
59.3993994,0.942014302,0.956440374
59.6996997,0.943712482,0.953715099
60,0.939005739,0.949811188
60.3003003,0.942714484,0.947201282
60.6006006,0.938047807,0.943910021
60.9009009,0.936898236,0.952195777
61.2012012,0.934166446,0.949323223
61.5015015,0.938498985,0.952502685
61.8018018,0.93559136,0.943204644
62.1021021,0.93923883,0.942424979
62.4024024,0.939386097,0.944121468
62.7027027,0.940489941,0.943024736
63.003003,0.937297476,0.944417659
63.3033033,0.939826723,0.944779276
63.6036036,0.939816046,0.943381879
63.9039039,0.939139594,0.947348858
64.2042042,0.939292448,0.942118096
64.5045045,0.937774986,0.94606669
64.8048048,0.945029182,0.945401644
65.1051051,0.945396284,0.947217098
65.4054054,0.944826889,0.946267961
65.7057057,0.950247388,0.950365136
66.006006,0.945948452,0.951321102
66.3063063,0.948093976,0.945560025
66.6066066,0.94589417,0.94898721
66.9069069,0.949655269,0.948889781
67.2072072,0.951446521,0.944021492
67.5075075,0.951775499,0.949726397
67.8078078,0.9508538,0.951239476
68.1081081,0.954560494,0.956357402
68.4084084,0.958990419,0.948628169
68.7087087,0.958842328,0.957729834
69.009009,0.952340471,0.955291914
69.3093093,0.958142345,0.959871439
69.6096096,0.962495655,0.95493009
69.9099099,0.960458328,0.956651333
70.2102102,0.964718038,0.957185059
70.5105105,0.968981927,0.958873783
70.8108108,0.966266673,0.961262308
71.1111111,0.97668494,0.967524287
71.4114114,0.974332078,0.961814696
71.7117117,0.972929682,0.968462344
72.012012,0.977316996,0.975612034
72.3123123,0.976621886,0.968354086
72.6126126,0.985523979,0.971870731
72.9129129,0.981425232,0.976979943
73.2132132,0.983925674,0.972687729
73.5135135,0.983513626,0.973859491
73.8138138,0.995090262,0.983559936
74.1141141,0.988823932,0.973901502
74.4144144,0.998756114,0.982263932
74.7147147,0.992486738,0.985103588
75.015015,0.994308136,0.982923552
75.3153153,0.993860948,0.986888017
75.6156156,1.00024192,0.991582354
75.9159159,1.00335765,0.99415057
76.2162162,0.999489357,0.99135333
76.5165165,1.00484004,0.993689304
76.8168168,1.0077222,0.996525463
77.1171171,1.00731723,0.994054361
77.4174174,1.01120681,0.993270828
77.7177177,1.01099881,0.998922428
78.018018,1.01318208,0.997303183
78.3183183,1.00901868,1.00195249
78.6186186,1.01533059,1.00026234
78.9189189,1.02158745,1.00400548
79.2192192,1.01525258,1.00711688
79.5195195,1.0216184,1.00847522
79.8198198,1.02509962,1.01054358
80.1201201,1.02351727,1.0101592
80.4204204,1.02200803,1.01230556
80.7207207,1.0219544,1.01181092
81.021021,1.02608489,1.01332104
81.3213213,1.0312909,1.01772525
81.6216216,1.02681307,1.01554274
81.9219219,1.0318545,1.0161473
82.2222222,1.02760655,1.02441392
82.5225225,1.02689087,1.0225665
82.8228228,1.03175507,1.01708895
83.1231231,1.03287526,1.01740239
83.4234234,1.03476472,1.0252373
83.7237237,1.03130663,1.02095822
84.024024,1.03913405,1.02558181
84.3243243,1.03891642,1.02737703
84.6246246,1.03603404,1.02478607
84.9249249,1.03273911,1.03172348
85.2252252,1.03213284,1.03160578
85.5255255,1.03794797,1.02835903
85.8258258,1.04230556,1.03012299
86.1261261,1.03804661,1.02990829
86.4264264,1.03446447,1.02801954
86.7267267,1.03941101,1.02908514
87.027027,1.04021917,1.03008629
87.3273273,1.03791391,1.03647696
87.6276276,1.04040606,1.02777303
87.9279279,1.04063246,1.02973791
88.2282282,1.03771332,1.03037957
88.5285285,1.03943302,1.03326756
88.8288288,1.03342707,1.0266851
89.1291291,1.04132163,1.0363072
89.4294294,1.03984628,1.02952019
89.7297297,1.03682549,1.02965442
90.03003,1.03619919,1.03010488
90.3303303,1.03620432,1.02987468
90.6306306,1.03541547,1.02535759
90.9309309,1.03570994,1.02882547
91.2312312,1.03416544,1.03064028
91.5315315,1.03078913,1.02870384
91.8318318,1.04047094,1.02644348
92.1321321,1.03273681,1.03076633
92.4324324,1.03437734,1.03130676
92.7327327,1.02847176,1.03010182
93.033033,1.03043501,1.02742644
93.3333333,1.02580491,1.02375413
93.6336336,1.02860348,1.0286786
93.9339339,1.02894175,1.02353439
94.2342342,1.01852038,1.02190663
94.5345345,1.0247495,1.0208282
94.8348348,1.01966932,1.02439897
95.1351351,1.02289363,1.02438993
95.4354354,1.02250136,1.02962661
95.7357357,1.01673023,1.02467674
96.036036,1.02147667,1.01861702
96.3363363,1.01292838,1.01790156
96.6366366,1.02120226,1.0133558
96.9369369,1.01249817,1.02097348
97.2372372,1.01460728,1.01379919
97.5375375,1.0105751,1.01700069
97.8378378,1.01207536,1.02057343
98.1381381,1.01129393,1.01621592
98.4384384,1.00953369,1.0103164
98.7387387,1.00345552,1.01640974
99.039039,1.00269612,1.01352333
99.3393393,1.00167656,1.01486593
99.6396396,1.01060266,1.00912173
99.9399399,0.998794132,1.00270406
100.24024,1.00014589,1.00808418
100.540541,1.00146073,1.00235346
100.840841,0.994605404,1.00430428
101.141141,0.998739012,1.00004685
101.441441,0.991803375,0.998176252
101.741742,0.999228897,1.00057379
102.042042,0.996903711,0.996293866
102.342342,0.992120451,0.998963446
102.642643,0.988122499,0.991291742
102.942943,0.985895845,0.997862503
103.243243,0.985424644,0.989782218
103.543544,0.991075193,0.992761068
103.843844,0.986079077,0.989831324
104.144144,0.986370436,0.992907525
104.444444,0.988051749,0.988368933
104.744745,0.978954617,0.983063472
105.045045,0.977421818,0.987210911
105.345345,0.980450044,0.987999797
105.645646,0.975231086,0.987069865
105.945946,0.973055149,0.988062272
106.246246,0.967016291,0.986971469
106.546547,0.97025904,0.983123435
106.846847,0.967955423,0.98070418
107.147147,0.974638017,0.984201687
107.447447,0.971307539,0.98069146
107.747748,0.964399969,0.978300428
108.048048,0.970409547,0.980668303
108.348348,0.969771058,0.977155655
108.648649,0.96468147,0.978172934
108.948949,0.966897148,0.981072052
109.249249,0.965142392,0.979375202
109.54955,0.960367891,0.978696462
109.84985,0.964152306,0.968536614
110.15015,0.961002991,0.977977303
110.45045,0.962348022,0.971296499
110.750751,0.962313974,0.970249229
111.051051,0.961159858,0.972197932
111.351351,0.961758217,0.97452674
111.651652,0.957239427,0.975713811
111.951952,0.958531779,0.966345971
112.252252,0.962213706,0.968647518
112.552553,0.955778659,0.969660797
112.852853,0.955622791,0.964565606
113.153153,0.957867587,0.964197879
113.453453,0.957356025,0.968826784
113.753754,0.952090953,0.966756771
114.054054,0.961672962,0.96547122
114.354354,0.95407318,0.974301001
114.654655,0.952121662,0.966259296
114.954955,0.958953068,0.967321767
115.255255,0.958311264,0.967720658
115.555556,0.959082296,0.965354532
115.855856,0.958199242,0.962071082
116.156156,0.955278625,0.966958778
116.456456,0.955432655,0.96318998
116.756757,0.95966653,0.96588627
117.057057,0.951970112,0.964596832
117.357357,0.953087363,0.9689531
117.657658,0.952522473,0.965505888
117.957958,0.959635005,0.966530425
118.258258,0.956614487,0.964395426
118.558559,0.957632626,0.969362625
118.858859,0.9621076,0.965799779
119.159159,0.956756682,0.96438222
119.459459,0.954549745,0.96226732
119.75976,0.962874065,0.95972555
120.06006,0.961894128,0.967172524
120.36036,0.95998003,0.968638129
120.660661,0.959803677,0.957881083
120.960961,0.956349481,0.966369805
121.261261,0.953917424,0.964823833
121.561562,0.9651905,0.965883568
121.861862,0.958901655,0.969380405
122.162162,0.966027539,0.96866136
122.462462,0.961799362,0.961683136
122.762763,0.961480756,0.970286454
123.063063,0.963960761,0.970462043
123.363363,0.962328442,0.969232623
123.663664,0.966945295,0.966593056
123.963964,0.967082754,0.967200162
124.264264,0.966936,0.972049321
124.564565,0.970134236,0.974817769
124.864865,0.969330453,0.963917268
125.165165,0.97031567,0.969310979
125.465465,0.966142763,0.971942541
125.765766,0.970024646,0.969486645
126.066066,0.970210583,0.971629846
126.366366,0.969942361,0.978604859
126.666667,0.976380868,0.973862982
126.966967,0.970761179,0.976863117
127.267267,0.973048646,0.976707785
127.567568,0.977895211,0.978900164
127.867868,0.979135942,0.972153256
128.168168,0.975988559,0.978740016
128.468468,0.983419219,0.981532654
128.768769,0.98067068,0.984315246
129.069069,0.985423195,0.981846817
129.369369,0.982390295,0.980883585
129.66967,0.985054444,0.98074096
129.96997,0.983545143,0.973457534
130.27027,0.981881492,0.982772375
130.570571,0.98626806,0.984276724
130.870871,0.989875224,0.979148502
131.171171,0.988789604,0.982654243
131.471471,0.992115606,0.984512641
131.771772,0.984830952,0.987819358
132.072072,0.989399668,0.984351601
132.372372,0.995760626,0.988476924
132.672673,0.992073225,0.990485594
132.972973,0.997288776,0.989024366
133.273273,0.997966687,0.981129229
133.573574,0.99676217,0.991545971
133.873874,0.999832256,0.990984659
134.174174,1.00099449,0.993579707
134.474474,1.00086435,1.00025336
134.774775,1.00441368,0.992234141
135.075075,1.00071024,0.99734759
135.375375,1.00200224,0.99332497
135.675676,1.00647403,1.00126404
135.975976,1.00328206,0.99828965
136.276276,1.00712179,0.99789545
136.576577,1.00913435,0.999764777
136.876877,1.00983615,0.99676202
137.177177,1.01271159,1.00009462
137.477477,1.01519142,1.00043807
137.777778,1.01153,1.00392475
138.078078,1.01428289,1.00216898
138.378378,1.01359164,1.00151621
138.678679,1.02059128,1.00063783
138.978979,1.01422724,1.00555051
139.279279,1.01530472,1.00667306
139.57958,1.01512188,1.00542034
139.87988,1.02477049,1.0019694
140.18018,1.01459856,1.00865297
140.48048,1.01665997,1.00724577
140.780781,1.01103377,1.00966646
141.081081,1.01719255,1.01259997
141.381381,1.01897401,1.00736745
141.681682,1.02037915,1.00737896
141.981982,1.0214107,1.01311241
142.282282,1.02402526,1.00884206
142.582583,1.02535845,1.01560249
142.882883,1.02430912,1.01000435
143.183183,1.02215182,1.00997858
143.483483,1.02646991,1.00885347
143.783784,1.02481961,1.01622748
144.084084,1.02826265,1.01154533
144.384384,1.02140695,1.01523331
144.684685,1.03319787,1.01552609
144.984985,1.02217113,1.01590268
145.285285,1.02304579,1.02138893
145.585586,1.02934339,1.01272929
145.885886,1.03030466,1.0112058
146.186186,1.03188955,1.01512948
146.486486,1.03026754,1.01658244
146.786787,1.02663293,1.01529244
147.087087,1.03116937,1.02241278
147.387387,1.02348138,1.01496984
147.687688,1.02698891,1.01595656
147.987988,1.03111597,1.01923673
148.288288,1.03485523,1.01974919
148.588589,1.03043999,1.02306648
148.888889,1.03046275,1.01759694
149.189189,1.03363901,1.02135209
149.489489,1.02854602,1.01981603
149.78979,1.0270501,1.02095746
150.09009,1.02868876,1.02411511
150.39039,1.03456345,1.02332831
150.690691,1.03041771,1.02019416
150.990991,1.02539209,1.01892433
151.291291,1.03326282,1.0239853
151.591592,1.02768078,1.01718825
151.891892,1.02734507,1.01706625
152.192192,1.02943662,1.01968135
152.492492,1.02893676,1.02297924
152.792793,1.03003499,1.02261309
153.093093,1.03128274,1.02264587
153.393393,1.0270506,1.02290198
153.693694,1.03083434,1.01900469
153.993994,1.02990016,1.01961756
154.294294,1.02820993,1.02247002
154.594595,1.03207689,1.01957182
154.894895,1.02820623,1.01825514
155.195195,1.02485923,1.02425056
155.495495,1.02422732,1.01445714
155.795796,1.02873327,1.01671774
156.096096,1.02913972,1.01962752
156.396396,1.03002452,1.01958311
156.696697,1.01957758,1.01805608
156.996997,1.02555836,1.02042899
157.297297,1.02427137,1.01915642
157.597598,1.02634714,1.02114441
157.897898,1.02239374,1.02008232
158.198198,1.01848416,1.0142771
158.498498,1.02509744,1.01602671
158.798799,1.02212858,1.01223833
159.099099,1.01988774,1.01441037
159.399399,1.02211991,1.01389257
159.6997,1.01619603,1.01602497
160,1.02157966,1.0186019
160.3003,1.0127969,1.01483906
160.600601,1.01523266,1.01865817
160.900901,1.01802086,1.01431821
161.201201,1.01747913,1.01496261
161.501502,1.01228345,1.01705923
161.801802,1.01362517,1.00971532
162.102102,1.00886722,1.01093714
162.402402,1.01268824,1.01203468
162.702703,1.01114031,1.01051897
163.003003,1.01046396,1.01175299
163.303303,1.01759452,1.01211872
163.603604,1.01150182,1.01174008
163.903904,1.00786764,1.01061245
164.204204,1.00381945,1.01090521
164.504505,1.0118896,1.01181717
164.804805,1.01094032,1.008436
165.105105,1.01092422,1.00887257
165.405405,1.00426712,1.00487361
165.705706,1.00669107,1.00923794
166.006006,1.00063957,1.00375305
166.306306,1.00123022,1.0038817
166.606607,1.00232015,1.00670533
166.906907,1.00082938,1.00370989
167.207207,0.999702062,1.00431923
167.507508,0.999228743,1.00038697
167.807808,1.00340959,0.998790577
168.108108,1.00055756,1.00429006
168.408408,0.99796921,0.999621765
168.708709,0.994059248,1.00132164
169.009009,0.998659355,0.999567114
169.309309,1.00124404,1.00114178
169.60961,0.997242039,1.00100972
169.90991,0.995787369,0.996515889
170.21021,0.993901196,0.995832734
170.510511,0.99204286,0.998679475
170.810811,0.994968088,0.992628896
171.111111,0.992942497,0.997834581
171.411411,0.988073979,0.992670446
171.711712,0.985592768,0.99155302
172.012012,0.991419263,0.996798841
172.312312,0.98700403,0.992708466
172.612613,0.992369239,0.998366959
172.912913,0.989492398,0.992668797
173.213213,0.987639714,0.993256801
173.513514,0.986021263,0.994047385
173.813814,0.986910834,0.994401387
174.114114,0.980882847,0.99299275
174.414414,0.982592361,0.988523889
174.714715,0.985377429,0.994570728
175.015015,0.979330229,0.987342877
175.315315,0.98046599,0.986964668
175.615616,0.977887618,0.988452415
175.915916,0.978782411,0.991625208
176.216216,0.983025391,0.987609559
176.516517,0.976651523,0.990355515
176.816817,0.977653398,0.984724291
177.117117,0.979924694,0.983731343
177.417417,0.974477033,0.990342194
177.717718,0.974812016,0.986234165
178.018018,0.977505409,0.983809651
178.318318,0.976955805,0.982996596
178.618619,0.97130358,0.979127149
178.918919,0.971011728,0.981681089
179.219219,0.974913044,0.985094591
179.51952,0.97577704,0.981267693
179.81982,0.977213319,0.984088948
180.12012,0.972024722,0.98194344
180.42042,0.9736861,0.982220232
180.720721,0.97354948,0.981665157
181.021021,0.971796742,0.986467772
181.321321,0.969742425,0.979637395
181.621622,0.969656895,0.980164487
181.921922,0.970908822,0.978006989
182.222222,0.962807806,0.980222995
182.522523,0.966839848,0.975873746
182.822823,0.965148972,0.980843824
183.123123,0.97207866,0.973315051
183.423423,0.969537251,0.98046048
183.723724,0.969294888,0.977193505
184.024024,0.970602267,0.975907568
184.324324,0.968626345,0.977062661
184.624625,0.974502492,0.979207198
184.924925,0.96924852,0.984051449
185.225225,0.970935912,0.975437654
185.525526,0.965919357,0.978918714
185.825826,0.96575667,0.98013641
186.126126,0.966002023,0.978156256
186.426426,0.963205322,0.975100567
186.726727,0.967376797,0.973712671
187.027027,0.972744792,0.975862226
187.327327,0.963804207,0.978527777
187.627628,0.97078435,0.979875625
187.927928,0.96475681,0.97725207
188.228228,0.967358732,0.972529091
188.528529,0.97180811,0.979344974
188.828829,0.966380779,0.977231924
189.129129,0.968912366,0.977505955
189.429429,0.972312008,0.976898565
189.72973,0.972507819,0.972637534
190.03003,0.970177031,0.980624384
190.33033,0.965090452,0.976893404
190.630631,0.96829945,0.978611503
190.930931,0.972908329,0.974623651
191.231231,0.972938305,0.975844259
191.531532,0.978803612,0.975238262
191.831832,0.972092598,0.979123952
192.132132,0.969512942,0.975211791
192.432432,0.966109378,0.972163761
192.732733,0.969679698,0.973067712
193.033033,0.968608205,0.977190263
193.333333,0.972170859,0.977292097
193.633634,0.968524131,0.979664149
193.933934,0.967517862,0.974375062
194.234234,0.970852325,0.977845857
194.534535,0.973499704,0.975477842
194.834835,0.973426344,0.975751634
195.135135,0.974835384,0.979668691
195.435435,0.973994144,0.979168372
195.735736,0.969863141,0.97849401
196.036036,0.979279582,0.984161389
196.336336,0.968063962,0.974912994
196.636637,0.969310785,0.977303848
196.936937,0.976639985,0.976757985
197.237237,0.973654796,0.981401245
197.537538,0.979657419,0.982269848
197.837838,0.973580842,0.982797983
198.138138,0.975358333,0.98602816
198.438438,0.976453857,0.975411471
198.738739,0.978801815,0.978808937
199.039039,0.979099361,0.983456897
199.339339,0.985066847,0.979947823
199.63964,0.981522624,0.983054315
199.93994,0.979658156,0.983201468
200.24024,0.981132129,0.986010187
200.540541,0.978751865,0.984991501
200.840841,0.982179937,0.984812203
201.141141,0.978542928,0.986526694
201.441441,0.984421563,0.985551894
201.741742,0.986183625,0.983235763
202.042042,0.985447697,0.98589622
202.342342,0.983963026,0.988296404
202.642643,0.985075891,0.98664617
202.942943,0.979755405,0.989253011
203.243243,0.987497129,0.988462973
203.543544,0.981932825,0.986440941
203.843844,0.988062116,0.990336559
204.144144,0.984951924,0.985445659
204.444444,0.98844419,0.983461191
204.744745,0.989417408,0.989444383
205.045045,0.991981162,0.991547491
205.345345,0.992110354,0.986090976
205.645646,0.987314091,0.990297981
205.945946,0.992108948,0.990309475
206.246246,0.987694833,0.986878683
206.546547,0.989213542,0.99638913
206.846847,0.991994324,0.990025433
207.147147,0.990498837,0.987807533
207.447447,0.997242558,0.993715016
207.747748,0.995046814,0.993886776
208.048048,0.992804483,0.994737996
208.348348,0.997026727,0.98946531
208.648649,0.996588421,0.99246555
208.948949,0.990813276,0.995318381
209.249249,1.00274614,0.991544526
209.54955,1.00000428,0.992742471
209.84985,0.996281058,0.996958881
210.15015,0.995858927,1.0013627
210.45045,0.9994177,0.998232029
210.750751,1.00345704,0.998159147
211.051051,0.997082529,0.999221948
211.351351,1.00314314,0.998340243
211.651652,1.00367062,0.998699245
211.951952,1.00567207,1.0030245
212.252252,1.00238923,1.00292558
212.552553,1.00406569,0.999193541
212.852853,0.99916787,1.00023178
213.153153,1.0034726,1.00511355
213.453453,1.00981799,0.99897576
213.753754,1.00341939,0.999351519
214.054054,1.00525921,1.0029142
214.354354,1.00245566,0.998822863
214.654655,1.0140451,1.00728629
214.954955,1.01452702,1.0022247
215.255255,1.00877565,1.00207294
215.555556,1.01218875,1.00206292
215.855856,1.00882318,1.00191896
216.156156,1.01102032,1.00664061
216.456456,1.01230383,1.00190391
216.756757,1.0074869,1.00689547
217.057057,1.01384303,1.00370527
217.357357,1.01849942,1.01058712
217.657658,1.00868745,1.00470033
217.957958,1.00685866,1.00088263
218.258258,1.01521051,1.0083562
218.558559,1.01425256,1.00449318
218.858859,1.01354631,1.0053945
219.159159,1.01614407,1.00725489
219.459459,1.01278337,1.0125829
219.75976,1.0145873,1.00859048
220.06006,1.01710744,1.01233419
220.36036,1.01160873,1.0104555
220.660661,1.018812,1.01218719
220.960961,1.01230736,1.00619749
221.261261,1.0171045,1.00795164
221.561562,1.01672249,1.00689519
221.861862,1.01816919,1.00857383
222.162162,1.01860519,1.00661307
222.462462,1.02018883,1.00955537
222.762763,1.01814971,1.00747933
223.063063,1.0182768,1.01014648
223.363363,1.01672979,1.01060444
223.663664,1.02019742,1.01298804
223.963964,1.01983181,1.0109405
224.264264,1.02072021,1.00982291
224.564565,1.01903016,1.0136654
224.864865,1.02526329,1.01241554
225.165165,1.01983776,1.00872335
225.465465,1.01982651,1.00719393
225.765766,1.01883143,1.01281273
226.066066,1.01684381,1.0148807
226.366366,1.02128851,1.00605039
226.666667,1.01706915,1.01125594
226.966967,1.02482125,1.01111286
227.267267,1.02108699,1.01255565
227.567568,1.02135244,1.01531238
227.867868,1.02410089,1.01401571
228.168168,1.02033463,1.01261369
228.468468,1.02619422,1.01275572
228.768769,1.0270248,1.01048272
229.069069,1.02212637,1.00856449
229.369369,1.02056379,1.01163247
229.66967,1.02301968,1.01549494
229.96997,1.01698253,1.01336022
230.27027,1.02551256,1.01010417
230.570571,1.01899478,1.01278981
230.870871,1.01776725,1.01126637
231.171171,1.01779236,1.00847919
231.471471,1.02385251,1.01554475
231.771772,1.02753372,1.01211157
232.072072,1.02338451,1.01352172
232.372372,1.01646679,1.01123419
232.672673,1.01798255,1.01343198
232.972973,1.01789593,1.00947232
233.273273,1.02359288,1.01347705
233.573574,1.01952791,1.01370346
233.873874,1.02567864,1.00916577
234.174174,1.02523113,1.01227321
234.474474,1.02414236,1.01452961
234.774775,1.01643238,1.01565993
235.075075,1.02092497,1.00719458
235.375375,1.02191139,1.01198145
235.675676,1.02200114,1.01406565
235.975976,1.02028803,1.00971008
236.276276,1.02067667,1.00887194
236.576577,1.01665095,1.0171078
236.876877,1.01815342,1.01134508
237.177177,1.02537941,1.00753492
237.477477,1.02481732,1.0101951
237.777778,1.01728367,1.01622006
238.078078,1.01696239,1.01235908
238.378378,1.0160044,1.00294064
238.678679,1.01646883,1.01155862
238.978979,1.01626285,1.01053365
239.279279,1.01254987,1.01454335
239.57958,1.0195471,1.00646292
239.87988,1.01737139,1.01025349
240.18018,1.01872385,1.0145524
240.48048,1.01468449,1.00910917
240.780781,1.01714346,1.00956489
241.081081,1.02082584,1.0137425
241.381381,1.01366,1.01037598
241.681682,1.02218403,1.00824197
241.981982,1.01749679,1.01164496
242.282282,1.01308231,1.00687537
242.582583,1.0116266,1.008427
242.882883,1.01424074,1.00654687
243.183183,1.01222755,1.00790626
243.483483,1.00776276,1.00826376
243.783784,1.01129976,1.01246292
244.084084,1.01530649,1.00686134
244.384384,1.00530651,1.00701672
244.684685,1.01667711,1.00824653
244.984985,1.01092693,1.0042756
245.285285,1.01221852,1.00358138
245.585586,1.00807284,1.0032739
245.885886,1.01098819,1.00944859
246.186186,1.00667669,1.00829424
246.486486,1.01459743,1.00599125
246.786787,1.00902345,1.00873978
247.087087,1.00916478,1.00639615
247.387387,1.00705554,1.00847151
247.687688,1.00808237,1.0062909
247.987988,1.008659,1.00838492
248.288288,1.00706806,1.00494973
248.588589,1.00240751,1.00418663
248.888889,1.00524196,0.999508227
249.189189,1.00376777,1.00901557
249.489489,1.00296074,1.00310285
249.78979,1.0007888,1.00514403
250.09009,1.00412862,1.002798
250.39039,1.00015598,1.0044062
250.690691,1.00062484,1.00123155
250.990991,1.00039083,0.998055536
251.291291,1.00217034,1.00311659
251.591592,1.00523034,1.00117358
251.891892,1.0002981,0.99721886
252.192192,1.00002092,0.998412672
252.492492,0.998628923,0.999918193
252.792793,1.00436173,0.997501467
253.093093,1.00024221,1.00146915
253.393393,0.996517362,0.996917152
253.693694,0.994094932,0.999322641
253.993994,0.995579104,0.997089308
254.294294,0.998339658,0.996065313
254.594595,1.00246622,1.00164561
254.894895,1.0021842,0.994165204
255.195195,0.992440266,0.996491697
255.495495,0.992803501,0.997115994
255.795796,0.998247419,0.988040736
256.096096,0.99329373,0.997355491
256.396396,0.995978743,0.993649461
256.696697,0.986513969,0.994846416
256.996997,0.990010362,0.995338968
257.297297,0.991205686,0.994045475
257.597598,0.997265124,0.993581916
257.897898,0.987998502,0.994209505
258.198198,0.989047727,0.995984215
258.498498,0.991830522,0.999151105
258.798799,0.988997723,0.988711675
259.099099,0.983660813,0.990906935
259.399399,0.991255384,0.991962238
259.6997,0.989226201,1.00108746
260,0.988097694,0.997150405
