Binding energy / eV,Au 4f / counts
79,260
79.05,251
79.1,249
79.15,245
79.2,255
79.25,289
79.3,271
79.35,256
79.4,260
79.45,274
79.5,240
79.55,271
79.6,270
79.65,256
79.7,273
79.75,278
79.8,294
79.85,277
79.9,284
79.95,292
80,253
80.05,292
80.1,280
80.15,271
80.2,274
80.25,284
80.3,290
80.35,298
80.4,303
80.45,268
80.5,306
80.55,276
80.6,302
80.65,281
80.7,279
80.75,303
80.8,278
80.85,290
80.9,300
80.95,328
81,333
81.05,326
81.1,325
81.15,320
81.2,326
81.25,310
81.3,335
81.35,319
81.4,324
81.45,329
81.5,351
81.55,370
81.6,332
81.65,337
81.7,321
81.75,349
81.8,345
81.85,364
81.9,385
81.95,385
82,384
82.05,389
82.1,348
82.15,390
82.2,438
82.25,366
82.3,428
82.35,444
82.4,400
82.45,471
82.5,429
82.55,495
82.6,459
82.65,503
82.7,515
82.75,541
82.8,540
82.85,563
82.9,598
82.95,633
83,715
83.05,826
83.1,863
83.15,970
83.2,1172
83.25,1306
83.3,1561
83.35,1854
83.4,2182
83.45,2489
83.5,2927
83.55,3382
83.6,3851
83.65,4543
83.7,4855
83.75,5370
83.8,5969
83.85,6286
83.9,6641
83.95,6895
84,6847
84.05,6734
84.1,6613
84.15,6210
84.2,5860
84.25,5497
84.3,4926
84.35,4392
84.4,3814
84.45,3407
84.5,3028
84.55,2698
84.6,2185
84.65,1853
84.7,1665
84.75,1492
84.8,1265
84.85,1107
84.9,960
84.95,909
85,850
85.05,772
85.1,717
85.15,729
85.2,689
85.25,666
85.3,638
85.35,637
85.4,669
85.45,634
85.5,666
85.55,618
85.6,626
85.65,663
85.7,625
85.75,616
85.8,628
85.85,682
85.9,656
85.95,631
86,716
86.05,647
86.1,693
86.15,667
86.2,661
86.25,690
86.3,713
86.35,675
86.4,733
86.45,740
86.5,760
86.55,791
86.6,825
86.65,895
86.7,945
86.75,978
86.8,1065
86.85,1178
86.9,1268
86.95,1435
87,1630
87.05,1888
87.1,2241
87.15,2453
87.2,2761
87.25,3134
87.3,3446
87.35,3901
87.4,4134
87.45,4677
87.5,4880
87.55,5253
87.6,5374
87.65,5563
87.7,5612
87.75,5346
87.8,5157
87.85,4909
87.9,4574
87.95,4166
88,3826
88.05,3320
88.1,2947
88.15,2764
88.2,2407
88.25,2122
88.3,1849
88.35,1680
88.4,1497
88.45,1315
88.5,1234
88.55,1124
88.6,1023
88.65,985
88.7,935
88.75,944
88.8,870
88.85,820
88.9,829
88.95,820
89,809
89.05,785
89.1,776
89.15,758
89.2,812
89.25,824
89.3,736
89.35,743
89.4,742
89.45,743
89.5,778
89.55,754
89.6,801
89.65,749
89.7,735
89.75,799
89.8,733
89.85,766
89.9,793
89.95,729
90,721
90.05,696
90.1,759
90.15,763
90.2,738
90.25,739
90.3,720
90.35,724
90.4,768
90.45,717
90.5,765
90.55,727
90.6,722
90.65,739
90.7,744
90.75,696
90.8,749
90.85,767
90.9,732
90.95,767
91,755
91.05,748
91.1,716
91.15,773
91.2,730
91.25,756
91.3,745
91.35,782
91.4,742
91.45,791
91.5,714
91.55,765
91.6,726
91.65,772
91.7,762
91.75,771
91.8,723
91.85,823
91.9,758
91.95,755
92,703
92.05,754
92.1,737
92.15,772
92.2,748
92.25,778
92.3,743
92.35,733
92.4,686
92.45,744
92.5,739
92.55,727
92.6,786
92.65,732
92.7,751
92.75,799
92.8,780
92.85,670
92.9,783
92.95,777
93,754
