Binding energy / eV,Survey / counts
0,147
0.5,151
1,178
1.5,143
2,144
2.5,134
3,131
3.5,166
4,139
4.5,146
5,169
5.5,168
6,169
6.5,149
7,164
7.5,163
8,173
8.5,155
9,132
9.5,135
10,149
10.5,172
11,160
11.5,167
12,169
12.5,167
13,173
13.5,168
14,170
14.5,170
15,160
15.5,158
16,172
16.5,172
17,159
17.5,150
18,175
18.5,187
19,181
19.5,161
20,138
20.5,181
21,185
21.5,150
22,172
22.5,199
23,153
23.5,198
24,174
24.5,184
25,167
25.5,197
26,178
26.5,175
27,161
27.5,157
28,189
28.5,187
29,182
29.5,174
30,196
30.5,201
31,181
31.5,190
32,173
32.5,173
33,193
33.5,165
34,212
34.5,185
35,181
35.5,196
36,189
36.5,183
37,186
37.5,194
38,187
38.5,178
39,191
39.5,184
40,206
40.5,203
41,209
41.5,197
42,192
42.5,179
43,179
43.5,178
44,186
44.5,218
45,208
45.5,219
46,186
46.5,198
47,207
47.5,221
48,200
48.5,229
49,211
49.5,213
50,206
50.5,212
51,186
51.5,228
52,224
52.5,198
53,207
53.5,205
54,241
54.5,190
55,222
55.5,238
56,202
56.5,215
57,217
57.5,207
58,225
58.5,240
59,228
59.5,226
60,235
60.5,254
61,224
61.5,238
62,224
62.5,212
63,244
63.5,269
64,229
64.5,259
65,274
65.5,249
66,272
66.5,256
67,278
67.5,228
68,267
68.5,270
69,284
69.5,265
70,293
70.5,296
71,277
71.5,281
72,317
72.5,308
73,277
73.5,282
74,325
74.5,297
75,302
75.5,320
76,302
76.5,342
77,335
77.5,349
78,369
78.5,367
79,371
79.5,400
80,412
80.5,416
81,506
81.5,608
82,817
82.5,1594
83,3443
83.5,5974
84,7511
84.5,6030
85,3485
85.5,1833
86,1508
86.5,2362
87,4044
87.5,5521
88,5231
88.5,3321
89,1750
89.5,939
90,662
90.5,559
91,509
91.5,460
92,503
92.5,496
93,482
93.5,470
94,451
94.5,418
95,457
95.5,445
96,421
96.5,483
97,438
97.5,472
98,447
98.5,470
99,470
99.5,495
100,578
100.5,674
101,850
101.5,1261
102,1771
102.5,2522
103,3086
103.5,3342
104,2870
104.5,2230
105,1586
105.5,1111
106,804
106.5,658
107,579
107.5,542
108,509
108.5,524
109,518
109.5,479
110,474
110.5,483
111,460
111.5,480
112,480
112.5,426
113,455
113.5,465
114,459
114.5,484
115,451
115.5,439
116,480
116.5,461
117,511
117.5,516
118,468
118.5,484
119,479
119.5,454
120,471
120.5,480
121,437
121.5,484
122,507
122.5,490
123,472
123.5,476
124,465
124.5,457
125,497
125.5,456
126,514
126.5,465
127,511
127.5,544
128,505
128.5,505
129,499
129.5,485
130,522
130.5,521
131,544
131.5,513
132,508
132.5,512
133,506
133.5,530
134,551
134.5,535
135,530
135.5,496
136,508
136.5,513
137,497
137.5,568
138,538
138.5,550
139,519
139.5,516
140,529
140.5,486
141,554
141.5,569
142,541
142.5,567
143,537
143.5,511
144,541
144.5,535
145,522
145.5,528
146,544
146.5,555
147,561
147.5,536
148,540
148.5,591
149,621
149.5,592
150,619
150.5,737
151,768
151.5,961
152,1261
152.5,1474
153,1793
153.5,2108
154,2088
154.5,2087
155,1750
155.5,1505
156,1177
156.5,975
157,788
157.5,664
158,669
158.5,608
159,591
159.5,611
160,600
160.5,558
161,542
161.5,576
162,570
162.5,523
163,566
163.5,522
164,561
164.5,570
165,550
165.5,582
166,540
166.5,570
167,516
167.5,581
168,541
168.5,598
169,565
169.5,567
170,581
170.5,528
171,539
171.5,545
172,587
172.5,533
173,560
173.5,528
174,557
174.5,574
175,512
175.5,601
176,545
176.5,548
177,569
177.5,601
178,573
178.5,612
179,583
179.5,565
180,552
180.5,595
181,624
181.5,563
182,603
182.5,570
183,574
183.5,575
184,564
184.5,553
185,580
185.5,542
186,611
186.5,538
187,562
187.5,557
188,563
188.5,565
189,569
189.5,604
190,599
190.5,576
191,566
191.5,588
192,578
192.5,555
193,536
193.5,567
194,576
194.5,544
195,571
195.5,551
196,570
196.5,582
197,615
197.5,547
198,617
198.5,590
199,560
199.5,577
200,544
200.5,589
201,614
201.5,590
202,625
202.5,577
203,569
203.5,579
204,595
204.5,561
205,583
205.5,601
206,565
206.5,567
207,595
207.5,613
208,573
208.5,575
209,593
209.5,633
210,561
210.5,558
211,582
211.5,611
212,586
212.5,574
213,576
213.5,591
214,585
214.5,602
215,610
215.5,631
216,602
216.5,606
217,619
217.5,588
218,624
218.5,568
219,578
219.5,625
220,555
220.5,630
221,591
221.5,583
222,580
222.5,606
223,591
223.5,630
224,625
224.5,631
225,588
225.5,603
226,614
226.5,579
227,592
227.5,584
228,581
228.5,594
229,619
229.5,642
230,577
230.5,651
231,583
231.5,588
232,633
232.5,604
233,608
233.5,609
234,607
234.5,650
235,581
235.5,570
236,602
236.5,665
237,636
237.5,592
238,659
238.5,634
239,616
239.5,569
240,629
240.5,635
241,591
241.5,654
242,607
242.5,650
243,656
243.5,654
244,638
244.5,652
245,583
245.5,651
246,648
246.5,640
247,683
247.5,693
248,656
248.5,600
249,634
249.5,614
250,689
250.5,629
251,599
251.5,620
252,605
252.5,654
253,610
253.5,650
254,631
254.5,581
255,625
255.5,609
256,653
256.5,601
257,614
257.5,686
258,653
258.5,646
259,632
259.5,644
260,650
260.5,652
261,616
261.5,625
262,590
262.5,646
263,622
263.5,642
264,615
264.5,677
265,647
265.5,682
266,641
266.5,580
267,657
267.5,664
268,631
268.5,677
269,596
269.5,629
270,630
270.5,661
271,674
271.5,625
272,601
272.5,606
273,652
273.5,714
274,707
274.5,657
275,625
275.5,626
276,675
276.5,683
277,637
277.5,667
278,690
278.5,688
279,724
279.5,677
280,721
280.5,712
281,696
281.5,734
282,742
282.5,898
283,1174
283.5,1510
284,2156
284.5,2833
285,3122
285.5,2841
286,2151
286.5,1548
287,1141
287.5,884
288,794
288.5,771
289,716
289.5,676
290,741
290.5,722
291,682
291.5,686
292,688
292.5,657
293,679
293.5,666
294,679
294.5,665
295,694
295.5,669
296,634
296.5,668
297,703
297.5,676
298,671
298.5,707
299,668
299.5,702
300,629
300.5,681
301,645
301.5,714
302,664
302.5,669
303,671
303.5,651
304,660
304.5,706
305,701
305.5,715
306,678
306.5,668
307,686
307.5,684
308,658
308.5,731
309,629
309.5,673
310,646
310.5,658
311,685
311.5,688
312,672
312.5,727
313,727
313.5,712
314,716
314.5,680
315,653
315.5,717
316,677
316.5,713
317,656
317.5,679
318,683
318.5,692
319,710
319.5,671
320,707
320.5,683
321,674
321.5,721
322,720
322.5,666
323,704
323.5,703
324,714
324.5,671
325,722
325.5,694
326,717
326.5,707
327,697
327.5,742
328,690
328.5,773
329,815
329.5,819
330,942
330.5,995
331,1099
331.5,1194
332,1310
332.5,1441
333,1601
333.5,1722
334,1688
334.5,1743
335,1618
335.5,1503
336,1279
336.5,1238
337,1110
337.5,984
338,943
338.5,836
339,838
339.5,781
340,795
340.5,756
341,748
341.5,755
342,754
342.5,784
343,812
343.5,707
344,750
344.5,770
345,744
345.5,728
346,757
346.5,746
347,819
347.5,878
348,888
348.5,960
349,1037
349.5,1123
350,1272
350.5,1386
351,1512
351.5,1564
352,1544
352.5,1609
353,1427
353.5,1389
354,1195
354.5,1167
355,1121
355.5,956
356,956
356.5,896
357,825
357.5,841
358,728
358.5,730
359,770
359.5,810
360,739
360.5,711
361,779
361.5,749
362,734
362.5,705
363,759
363.5,761
364,765
364.5,774
365,784
365.5,748
366,741
366.5,763
367,749
367.5,767
368,719
368.5,756
369,674
369.5,717
370,724
370.5,752
371,676
371.5,748
372,773
372.5,743
373,698
373.5,689
374,795
374.5,711
375,732
375.5,806
376,706
376.5,745
377,736
377.5,757
378,750
378.5,742
379,746
379.5,785
380,758
380.5,721
381,780
381.5,778
382,831
382.5,730
383,778
383.5,744
384,770
384.5,769
385,732
385.5,731
386,773
386.5,754
387,752
387.5,770
388,717
388.5,724
389,764
389.5,716
390,701
390.5,753
391,795
391.5,773
392,768
392.5,797
393,742
393.5,743
394,758
394.5,765
395,774
395.5,729
396,746
396.5,768
397,737
397.5,784
398,732
398.5,801
399,775
399.5,767
400,751
400.5,843
401,770
401.5,758
402,731
402.5,771
403,740
403.5,792
404,727
404.5,764
405,714
405.5,785
406,818
406.5,777
407,817
407.5,793
408,788
408.5,721
409,804
409.5,797
410,818
410.5,746
411,781
411.5,741
412,746
412.5,778
413,741
413.5,763
414,828
414.5,753
415,816
415.5,782
416,757
416.5,794
417,773
417.5,769
418,795
418.5,728
419,748
419.5,854
420,806
420.5,769
421,788
421.5,769
422,777
422.5,763
423,818
423.5,785
424,771
424.5,783
425,794
425.5,768
426,743
426.5,799
427,774
427.5,745
428,761
428.5,801
429,772
429.5,828
430,825
430.5,823
431,798
431.5,815
432,802
432.5,793
433,801
433.5,810
434,797
434.5,801
435,802
435.5,798
436,751
436.5,796
437,855
437.5,808
438,863
438.5,752
439,820
439.5,804
440,829
440.5,838
441,816
441.5,783
442,812
442.5,833
443,894
443.5,823
444,799
444.5,808
445,848
445.5,809
446,780
446.5,776
447,800
447.5,825
448,850
448.5,816
449,826
449.5,891
450,819
450.5,800
451,773
451.5,831
452,773
452.5,821
453,787
453.5,814
454,775
454.5,850
455,835
455.5,798
456,807
456.5,843
457,772
457.5,865
458,812
458.5,850
459,784
459.5,837
460,802
460.5,795
461,759
461.5,790
462,829
462.5,844
463,766
463.5,816
464,856
464.5,800
465,820
465.5,818
466,867
466.5,810
467,857
467.5,779
468,837
468.5,800
469,849
469.5,826
470,827
470.5,830
471,856
471.5,800
472,849
472.5,875
473,848
473.5,844
474,834
474.5,814
475,764
475.5,827
476,773
476.5,807
477,790
477.5,855
478,841
478.5,808
479,802
479.5,847
480,821
480.5,797
481,839
481.5,828
482,820
482.5,888
483,839
483.5,805
484,842
484.5,860
485,902
485.5,837
486,849
486.5,865
487,846
487.5,807
488,840
488.5,854
489,868
489.5,858
490,859
490.5,891
491,806
491.5,829
492,883
492.5,842
493,859
493.5,886
494,840
494.5,794
495,848
495.5,892
496,864
496.5,906
497,849
497.5,898
498,832
498.5,887
499,856
499.5,794
500,862
500.5,845
501,893
501.5,840
502,877
502.5,921
503,899
503.5,827
504,861
504.5,900
505,873
505.5,905
506,848
506.5,852
507,908
507.5,871
508,868
508.5,853
509,871
509.5,845
510,890
510.5,866
511,901
511.5,858
512,898
512.5,882
513,847
513.5,801
514,878
514.5,841
515,854
515.5,928
516,881
516.5,937
517,890
517.5,868
518,853
518.5,928
519,918
519.5,869
520,881
520.5,902
521,938
521.5,888
522,892
522.5,944
523,953
523.5,853
524,950
524.5,985
525,942
525.5,980
526,837
526.5,977
527,956
527.5,996
528,1024
528.5,1018
529,1156
529.5,1164
530,1573
530.5,2031
531,2751
531.5,3695
532,4882
532.5,5608
533,6138
533.5,5790
534,4878
534.5,3691
535,2704
535.5,2032
536,1563
536.5,1297
537,1197
537.5,1102
538,1045
538.5,998
539,1008
539.5,989
540,991
540.5,1020
541,1010
541.5,1017
542,1076
542.5,1213
543,1391
543.5,1591
544,1759
544.5,2073
545,2407
545.5,2630
546,2713
546.5,2618
547,2491
547.5,2103
548,1778
548.5,1588
549,1316
549.5,1174
550,1119
550.5,1006
551,932
551.5,930
552,954
552.5,926
553,939
553.5,961
554,908
554.5,969
555,959
555.5,911
556,925
556.5,945
557,895
557.5,902
558,914
558.5,961
559,909
559.5,923
560,895
560.5,937
561,949
561.5,918
562,936
562.5,941
563,935
563.5,986
564,913
564.5,919
565,901
565.5,891
566,938
566.5,921
567,904
567.5,891
568,929
568.5,951
569,932
569.5,977
570,919
570.5,940
571,881
571.5,948
572,923
572.5,948
573,881
573.5,921
574,933
574.5,930
575,895
575.5,983
576,903
576.5,943
577,893
577.5,943
578,904
578.5,990
579,938
579.5,946
580,885
580.5,960
581,909
581.5,931
582,942
582.5,1008
583,945
583.5,937
584,958
584.5,943
585,940
585.5,956
586,970
586.5,940
587,913
587.5,923
588,938
588.5,953
589,981
589.5,917
590,963
590.5,890
591,931
591.5,919
592,966
592.5,916
593,952
593.5,992
594,949
594.5,903
595,951
595.5,957
596,935
596.5,937
597,936
597.5,979
598,954
598.5,958
599,971
599.5,958
600,919
600.5,942
601,972
601.5,983
602,919
602.5,948
603,912
603.5,951
604,981
604.5,978
605,981
605.5,891
606,896
606.5,923
607,906
607.5,975
608,965
608.5,953
609,946
609.5,987
610,946
610.5,979
611,956
611.5,994
612,1018
612.5,975
613,968
613.5,989
614,1002
614.5,996
615,948
615.5,931
616,976
616.5,983
617,1007
617.5,996
618,992
618.5,973
619,978
619.5,914
620,951
620.5,985
621,984
621.5,1018
622,991
622.5,1000
623,938
623.5,959
624,995
624.5,967
625,957
625.5,938
626,1005
626.5,1006
627,986
627.5,947
628,968
628.5,958
629,978
629.5,996
630,940
630.5,958
631,1013
631.5,983
632,1025
632.5,1024
633,934
633.5,999
634,973
634.5,930
635,1023
635.5,1003
636,1025
636.5,993
637,1082
637.5,1111
638,1114
638.5,1240
639,1226
639.5,1345
640,1338
640.5,1472
641,1492
641.5,1559
642,1552
642.5,1576
643,1468
643.5,1442
644,1364
644.5,1265
645,1261
645.5,1209
646,1146
646.5,1100
647,1080
647.5,1101
648,1093
648.5,1006
649,1013
649.5,971
650,995
650.5,941
651,1001
651.5,986
652,992
652.5,1003
653,1052
653.5,994
654,1048
654.5,952
655,991
655.5,936
656,1002
656.5,1020
657,995
657.5,991
658,954
658.5,958
659,968
659.5,986
660,1042
660.5,1018
661,1063
661.5,1008
662,1031
662.5,988
663,1026
663.5,1025
664,1025
664.5,1006
665,1013
665.5,1025
666,969
666.5,990
667,1001
667.5,1032
668,1003
668.5,988
669,1003
669.5,1039
670,1050
670.5,1051
671,1008
671.5,975
672,1034
672.5,1026
673,1014
673.5,989
674,1022
674.5,964
675,1048
675.5,1061
676,965
676.5,937
677,1010
677.5,1016
678,990
678.5,988
679,1011
679.5,973
680,1016
680.5,983
681,1004
681.5,1023
682,1042
682.5,1001
683,990
683.5,991
684,1012
684.5,1013
685,998
685.5,1048
686,1068
686.5,1060
687,1004
687.5,1024
688,1044
688.5,1009
689,1034
689.5,1088
690,1032
690.5,1007
691,1053
691.5,949
692,994
692.5,1053
693,1027
693.5,1048
694,1035
694.5,1012
695,1040
695.5,1028
696,1040
696.5,1008
697,1006
697.5,1023
698,1020
698.5,1049
699,1028
699.5,1041
700,1079
700.5,1016
701,991
701.5,1000
702,1000
702.5,1077
703,1012
703.5,1059
704,1031
704.5,1038
705,1094
705.5,1007
706,1016
706.5,1035
707,1019
707.5,1020
708,999
708.5,1033
709,1052
709.5,1127
710,987
710.5,1026
711,1058
711.5,1013
712,1067
712.5,1054
713,1020
713.5,1076
714,1010
714.5,1034
715,1067
715.5,1059
716,1075
716.5,1048
717,1111
717.5,1072
718,1059
718.5,1013
719,1042
719.5,1051
720,1094
720.5,1052
721,987
721.5,1074
722,1108
722.5,1051
723,1037
723.5,1046
724,1046
724.5,1024
725,1105
725.5,1063
726,1021
726.5,1062
727,1034
727.5,1019
728,1030
728.5,1057
729,1029
729.5,1080
730,1068
730.5,1077
731,1078
731.5,1091
732,1060
732.5,1034
733,1116
733.5,1055
734,1001
734.5,1071
735,1101
735.5,1059
736,1097
736.5,1101
737,1015
737.5,1088
738,1131
738.5,1048
739,1098
739.5,1019
740,1084
740.5,1092
741,1053
741.5,1098
742,1112
742.5,1047
743,1138
743.5,1041
744,1123
744.5,1078
745,1095
745.5,1070
746,1115
746.5,1138
747,1128
747.5,1107
748,1110
748.5,1120
749,1056
749.5,1111
750,1128
750.5,1190
751,1087
751.5,1162
752,1203
752.5,1234
753,1196
753.5,1274
754,1432
754.5,1477
755,1568
755.5,1676
756,1987
756.5,2118
757,2269
757.5,2478
758,2568
758.5,2627
759,2688
759.5,2663
760,2571
760.5,2375
761,2235
761.5,2058
762,1843
762.5,1795
763,1518
763.5,1485
764,1372
764.5,1359
765,1239
765.5,1147
766,1189
766.5,1165
767,1191
767.5,1117
768,1158
768.5,1145
769,1139
769.5,1166
770,1147
770.5,1094
771,1054
771.5,1103
772,1142
772.5,1111
773,1111
773.5,1120
774,1158
774.5,1147
775,1156
775.5,1170
776,1091
776.5,1081
777,1089
777.5,1115
778,1151
778.5,1045
779,1118
779.5,1111
780,1134
780.5,1117
781,1113
781.5,1095
782,1125
782.5,1209
783,1126
783.5,1100
784,1179
784.5,1117
785,1100
785.5,1101
786,1118
786.5,1152
787,1072
787.5,1124
788,1058
788.5,1035
789,1189
789.5,1146
790,1144
790.5,1060
791,1090
791.5,1115
792,1124
792.5,1118
793,1142
793.5,1141
794,1096
794.5,1102
795,1081
795.5,1095
796,1131
796.5,1154
797,1074
797.5,1151
798,1054
798.5,1159
799,1106
799.5,1118
800,1100
800.5,1081
801,1101
801.5,1134
802,1095
802.5,1142
803,1077
803.5,1126
804,1137
804.5,1137
805,1070
805.5,1087
806,1167
806.5,1121
807,1096
807.5,1097
808,1122
808.5,1172
809,1111
809.5,1172
810,1134
810.5,1142
811,1125
811.5,1162
812,1118
812.5,1138
813,1052
813.5,1098
814,1198
814.5,1153
815,1114
815.5,1155
816,1105
816.5,1176
817,1166
817.5,1157
818,1157
818.5,1145
819,1102
819.5,1151
820,1108
820.5,1142
821,1152
821.5,1138
822,1132
822.5,1099
823,1125
823.5,1143
824,1164
824.5,1150
825,1107
825.5,1122
826,1157
826.5,1083
827,1143
827.5,1134
828,1183
828.5,1146
829,1108
829.5,1185
830,1154
830.5,1215
831,1150
831.5,1120
832,1170
832.5,1119
833,1160
833.5,1134
834,1180
834.5,1111
835,1184
835.5,1198
836,1152
836.5,1152
837,1142
837.5,1108
838,1173
838.5,1150
839,1190
839.5,1186
840,1158
840.5,1198
841,1156
841.5,1098
842,1146
842.5,1155
843,1124
843.5,1147
844,1133
844.5,1159
845,1261
845.5,1131
846,1215
846.5,1174
847,1187
847.5,1205
848,1213
848.5,1158
849,1189
849.5,1148
850,1198
850.5,1203
851,1287
851.5,1180
852,1191
852.5,1164
853,1164
853.5,1097
854,1186
854.5,1205
855,1117
855.5,1145
856,1160
856.5,1241
857,1214
857.5,1195
858,1151
858.5,1141
859,1153
859.5,1120
860,1208
860.5,1202
861,1192
861.5,1192
862,1227
862.5,1200
863,1183
863.5,1210
864,1171
864.5,1246
865,1244
865.5,1208
866,1106
866.5,1213
867,1127
867.5,1183
868,1191
868.5,1185
869,1192
869.5,1203
870,1187
870.5,1258
871,1223
871.5,1187
872,1151
872.5,1206
873,1168
873.5,1206
874,1163
874.5,1176
875,1105
875.5,1236
876,1188
876.5,1169
877,1229
877.5,1238
878,1178
878.5,1184
879,1159
879.5,1243
880,1246
880.5,1245
881,1198
881.5,1214
882,1213
882.5,1219
883,1145
883.5,1140
884,1209
884.5,1322
885,1231
885.5,1135
886,1209
886.5,1204
887,1179
887.5,1213
888,1217
888.5,1238
889,1252
889.5,1237
890,1179
890.5,1218
891,1222
891.5,1189
892,1184
892.5,1201
893,1206
893.5,1242
894,1182
894.5,1243
895,1242
895.5,1188
896,1230
896.5,1226
897,1204
897.5,1218
898,1223
898.5,1224
899,1213
899.5,1209
900,1207
900.5,1249
901,1217
901.5,1238
902,1238
902.5,1232
903,1225
903.5,1233
904,1258
904.5,1227
905,1235
905.5,1226
906,1212
906.5,1178
907,1199
907.5,1198
908,1189
908.5,1305
909,1209
909.5,1213
910,1289
910.5,1169
911,1202
911.5,1219
912,1184
912.5,1179
913,1261
913.5,1235
914,1220
914.5,1215
915,1252
915.5,1214
916,1181
916.5,1212
917,1256
917.5,1218
918,1222
918.5,1228
919,1253
919.5,1148
920,1213
920.5,1233
921,1237
921.5,1240
922,1215
922.5,1280
923,1170
923.5,1245
924,1264
924.5,1227
925,1304
925.5,1271
926,1238
926.5,1255
927,1243
927.5,1257
928,1265
928.5,1243
929,1261
929.5,1201
930,1311
930.5,1215
931,1224
931.5,1237
932,1209
932.5,1300
933,1273
933.5,1187
934,1233
934.5,1258
935,1237
935.5,1240
936,1225
936.5,1245
937,1278
937.5,1245
938,1212
938.5,1229
939,1312
939.5,1210
940,1344
940.5,1259
941,1198
941.5,1268
942,1312
942.5,1209
943,1242
943.5,1288
944,1263
944.5,1324
945,1185
945.5,1229
946,1256
946.5,1203
947,1303
947.5,1237
948,1239
948.5,1201
949,1255
949.5,1256
950,1262
950.5,1267
951,1256
951.5,1264
952,1310
952.5,1243
953,1294
953.5,1306
954,1249
954.5,1237
955,1279
955.5,1287
956,1257
956.5,1272
957,1242
957.5,1273
958,1243
958.5,1293
959,1224
959.5,1223
960,1249
960.5,1221
961,1228
961.5,1265
962,1266
962.5,1237
963,1297
963.5,1309
964,1219
964.5,1236
965,1281
965.5,1245
966,1348
966.5,1350
967,1309
967.5,1247
968,1305
968.5,1293
969,1261
969.5,1243
970,1292
970.5,1278
971,1298
971.5,1274
972,1315
972.5,1268
973,1205
973.5,1319
974,1284
974.5,1208
975,1229
975.5,1292
976,1271
976.5,1271
977,1202
977.5,1252
978,1241
978.5,1265
979,1322
979.5,1342
980,1308
980.5,1224
981,1313
981.5,1322
982,1266
982.5,1257
983,1326
983.5,1312
984,1362
984.5,1316
985,1257
985.5,1283
986,1330
986.5,1243
987,1361
987.5,1264
988,1288
988.5,1198
989,1313
989.5,1306
990,1309
990.5,1309
991,1219
991.5,1320
992,1313
992.5,1328
993,1267
993.5,1351
994,1224
994.5,1245
995,1238
995.5,1347
996,1337
996.5,1300
997,1211
997.5,1224
998,1303
998.5,1273
999,1296
999.5,1302
1000,1390
