Abscissa,Ordinate,Residual,Background,Auxiliary 1,Auxiliary 2,Synthesize,Au 4f7/2 peak,Au 4f5/2 peak
79,260,1.86357659,241.809121,0,0,258.136423,13.0551764,3.2721258
79.05,251,-8.10807895,242.479666,0,0,259.108079,13.3183096,3.31010327
79.1,249,-11.0911498,243.152946,0,0,260.09115,13.5894587,3.34874522
79.15,245,-16.0860845,243.829065,0,0,261.086084,13.8689519,3.38806723
79.2,255,-7.09335261,244.508133,0,0,262.093353,14.157134,3.42808533
79.25,289,25.8865536,245.190262,0,0,263.113446,14.4543681,3.46881605
79.3,271,6.85311819,245.875569,0,0,264.146882,14.7610361,3.51027638
79.35,256,-9.19420001,246.564176,0,0,265.1942,15.0775405,3.55248384
79.4,260,-6.25596876,247.256207,0,0,266.255969,15.4043052,3.59545648
79.45,274,6.66721594,247.951794,0,0,267.332784,15.7417772,3.63921289
79.5,240,-28.4252718,248.651072,0,0,268.425272,16.090428,3.68377222
79.55,271,1.46591035,249.35418,0,0,269.53409,16.4507553,3.72915423
79.6,270,-0.659928857,250.061265,0,0,270.659929,16.8232848,3.77537927
79.65,256,-15.8035165,250.772476,0,0,271.803516,17.2085719,3.82246833
79.7,273,0.0343823561,251.487971,0,0,272.965618,17.6072038,3.87044305
79.75,278,3.85296221,252.20791,0,0,274.147038,18.019802,3.91932578
79.8,294,18.6513745,252.932462,0,0,275.348625,18.4470242,3.96913955
79.85,277,0.428724971,253.6618,0,0,276.571275,18.8895672,4.01990812
79.9,284,6.18407026,254.396104,0,0,277.81593,19.3481699,4.07165603
79.95,292,12.916415,255.13556,0,0,279.083585,19.8236159,4.1244086
80,253,-27.3752918,255.880363,0,0,280.375292,20.3167368,4.178192
80.05,292,10.3078392,256.630711,0,0,281.692161,20.8284164,4.23303321
80.1,280,-3.03536624,257.386812,0,0,283.035366,21.3595939,4.28896013
80.15,271,-13.4061505,258.14888,0,0,284.406151,21.9112685,4.34600159
80.2,274,-11.8058291,258.917138,0,0,285.805829,22.4845039,4.40418736
80.25,284,-3.23579581,259.691814,0,0,287.235796,23.0804335,4.46354823
80.3,290,1.30247131,260.473147,0,0,288.697529,23.7002658,4.524116
80.35,298,7.80740384,261.261382,0,0,290.192596,24.3452904,4.5859236
80.4,303,11.277336,262.056774,0,0,291.722664,25.0168847,4.64900504
80.45,268,-25.2895029,262.859587,0,0,293.289503,25.7165208,4.71339554
80.5,306,11.1050034,263.670091,0,0,294.894997,26.445774,4.77913152
80.55,276,-20.5411509,264.488569,0,0,296.541151,27.2063311,4.84625069
80.6,302,3.76989653,265.315311,0,0,298.230103,28,4.91479208
80.65,281,-18.9641349,266.150619,0,0,299.964135,28.8287202,4.98479611
80.7,279,-22.7456804,266.994801,0,0,301.74568,29.6945746,5.05630464
80.75,303,-0.577343191,267.84818,0,0,303.577343,30.5998022,5.12936103
80.8,278,-27.4619086,268.711086,0,0,305.461909,31.5468122,5.20401023
80.85,290,-17.4023604,269.583862,0,0,307.40236,32.5381998,5.28029882
80.9,300,-9.40189847,270.46686,0,0,309.401898,33.5767635,5.35827509
80.95,328,16.5360418,271.360445,0,0,311.463958,34.6655243,5.43798913
81,333,19.4077676,272.264992,0,0,313.592232,35.8077473,5.51949288
81.05,326,10.2093045,273.18089,0,0,315.790695,37.0069655,5.60284024
81.1,325,6.93636951,274.108537,0,0,318.06363,38.2670062,5.68808718
81.15,320,-0.415658857,275.048346,0,0,320.415659,39.5920211,5.77529176
81.2,326,3.14822577,276.000741,0,0,322.851774,40.9865191,5.86451431
81.25,310,-15.3773799,276.966158,0,0,325.37738,42.455404,5.95581748
81.3,335,7.00166896,277.945049,0,0,327.998331,44.0040157,6.04926636
81.35,319,-11.7209818,278.937875,0,0,330.720982,45.6381779,6.14492863
81.4,324,-9.55223896,279.945114,0,0,333.552239,47.3642504,6.24287462
81.45,329,-7.49962149,280.967255,0,0,336.499621,49.1891893,6.3431775
81.5,351,11.4286711,282.004801,0,0,339.571329,51.1206144,6.44591338
81.55,370,27.223682,283.05827,0,0,342.776318,53.1668861,6.55116145
81.6,332,-14.1243903,284.128194,0,0,346.12439,55.3371921,6.65900416
81.65,337,-12.6262911,285.215117,0,0,349.626291,57.6416468,6.76952735
81.7,321,-32.2938236,286.319599,0,0,353.293824,60.0914044,6.88282046
81.75,349,-8.13997876,287.442213,0,0,357.139979,62.6987893,6.99897664
81.8,345,-16.1790858,288.583547,0,0,361.179086,65.4774459,7.11809302
81.85,364,-1.42698669,289.744203,0,0,365.426987,68.4425128,7.24027087
81.9,385,15.0987587,290.924797,0,0,369.901241,71.6108287,7.36561581
81.95,385,10.3786264,292.125959,0,0,374.621374,75.0011768,7.49423805
82,384,4.39082853,293.348332,0,0,379.609171,78.6345864,7.62625263
82.05,389,4.11093257,294.592576,0,0,384.889067,82.534712,7.76177966
82.1,348,-42.4886361,295.85936,0,0,390.488636,86.7283314,7.90094462
82.15,390,-6.43927531,297.14937,0,0,396.439275,91.246027,8.04387863
82.2,438,35.2228255,298.463302,0,0,402.777174,96.1231535,8.19071874
82.25,366,-43.5447373,299.801868,0,0,409.544737,101.401261,8.3416083
82.3,428,11.2072794,301.165789,0,0,416.792721,107.130235,8.49669725
82.35,444,19.4165145,302.555799,0,0,424.583486,113.371544,8.65614256
82.4,400,-32.9959442,303.972643,0,0,432.995944,120.203193,8.82010856
82.45,471,28.86697,305.417076,0,0,442.13303,127.727186,8.98876737
82.5,429,-23.1328132,306.889865,0,0,452.132813,136.080649,9.16229941
82.55,495,31.8152862,308.391781,0,0,463.184714,145.452039,9.34089379
82.6,459,-16.5525721,309.923608,0,0,475.552572,156.104215,9.52474887
82.65,503,13.3934524,311.486135,0,0,489.606548,168.40634,9.71407282
82.7,515,9.13420288,313.080156,0,0,505.865797,182.876557,9.90908415
82.75,541,15.9465345,314.70647,0,0,525.053466,200.236983,10.1100124
82.8,540,-8.16451251,316.365882,0,0,548.164513,221.481532,10.3170987
82.85,563,-13.5451066,318.059196,0,0,576.545107,247.955314,10.5305968
82.9,598,-13.9796147,319.787218,0,0,611.979615,281.441624,10.7507732
82.95,633,-23.7776138,321.550753,0,0,656.777614,324.248952,10.9779087
83,715,1.15093166,323.350603,0,0,713.849068,379.286167,11.2122988
83.05,826,39.2486209,325.187565,0,0,786.751379,450.109559,11.454255
83.1,863,-16.6882326,327.062431,0,0,879.688233,540.921696,11.7041054
83.15,970,-27.4381797,328.975983,0,0,997.43818,656.5,11.9621962
83.2,1172,26.8081508,330.928993,0,0,1145.19185,802.033963,12.2288927
83.25,1306,-22.2817409,332.92222,0,0,1328.28174,982.85494,12.5045804
83.3,1561,9.2018301,334.956406,0,0,1551.79817,1204.0521,12.789667
83.35,1854,33.9012132,337.032278,0,0,1820.09879,1469.98193,13.084583
83.4,2182,45.7644976,339.150538,0,0,2136.2355,1783.69518,13.3897841
83.45,2489,-12.3385224,341.311869,0,0,2501.33852,2146.3209,13.7057525
83.5,2927,12.9917116,343.516926,0,0,2914.00829,2556.45836,14.0329989
83.55,3382,12.2320602,345.766332,0,0,3369.76794,3009.62954,14.3720645
83.6,3851,-9.61879855,348.060683,0,0,3860.6188,3497.83459,14.7235232
83.65,4543,168.277734,350.400535,0,0,4374.72227,4009.23375,15.0879841
83.7,4855,-41.2175472,352.786407,0,0,4896.21755,4527.96505,15.4660941
83.75,5370,-35.2062492,355.218775,0,0,5405.20625,5034.12893,15.8585405
83.8,5969,90.966852,357.698071,0,0,5878.03315,5504.06902,16.2660543
83.85,6286,-2.17983997,360.224678,0,0,6288.17984,5911.26575,16.6894136
83.9,6641,32.7394048,362.798926,0,0,6608.2606,6228.33222,17.1294471
83.95,6895,81.5222726,365.421089,0,0,6813.47773,6430.4696,17.587038
84,6847,-39.1545109,368.091382,0,0,6886.15451,6500,18.0631286
84.05,6734,-85.8382858,370.80996,0,0,6819.83829,6430.4696,18.558725
84.1,6613,-7.98403333,373.576909,0,0,6620.98403,6228.33222,19.0749022
84.15,6210,-97.2708047,376.392246,0,0,6307.2708,5911.26575,19.61281
84.2,5860,-43.4986207,379.255919,0,0,5903.49862,5504.06902,20.1736792
84.25,5497,59.9444409,382.167797,0,0,5437.05556,5034.12893,20.7588285
84.3,4926,-8.46239004,385.127671,0,0,4934.46239,4527.96505,21.369672
84.35,4392,-27.3767288,388.135254,0,0,4419.37673,4009.23375,22.0077278
84.4,3814,-97.6993902,391.190171,0,0,3911.69939,3497.83459,22.6746271
84.45,3407,-20.2936303,394.291963,0,0,3427.29363,3009.62954,23.3721244
84.5,3028,49.999444,397.440083,0,0,2978.00056,2556.45836,24.1021088
84.55,2698,126.178589,400.633894,0,0,2571.82141,2146.3209,24.8666166
84.6,2185,-28.235689,403.872664,0,0,2213.23569,1783.69518,25.6678448
84.65,1853,-50.6456657,407.155572,0,0,1903.64567,1469.98193,26.5081671
84.7,1665,23.0760515,410.481701,0,0,1641.92395,1204.0521,27.3901506
84.75,1492,66.9784453,413.850039,0,0,1425.02155,982.85494,28.3165748
84.8,1265,16.4161033,417.25948,0,0,1248.5839,802.033963,29.2904535
84.85,1107,-0.523880277,420.708822,0,0,1107.52388,656.5,30.3150581
84.9,960,-36.5124102,424.19677,0,0,996.51241,540.921696,31.3939441
84.95,909,-1.36247615,427.721935,0,0,910.362476,450.109559,32.5309819
85,850,5.70060629,431.282838,0,0,844.299394,379.286167,33.7303895
85.05,772,-22.1236292,434.877906,0,0,794.123629,324.248952,34.9967708
85.1,717,-39.2822656,438.505484,0,0,756.282266,281.441624,36.3351583
85.15,729,1.12979732,442.163827,0,0,727.870203,247.955314,37.7510614
85.2,689,-17.5831658,445.851113,0,0,706.583166,221.481532,39.2505206
85.25,666,-24.6425926,449.56544,0,0,690.642593,200.236983,40.8401702
85.3,638,-40.7086961,453.30483,0,0,678.708696,182.876557,42.5273084
85.35,637,-32.7935585,457.06724,0,0,669.793559,168.40634,44.3199781
85.4,669,5.81816548,460.850561,0,0,663.181835,156.104215,46.2270587
85.45,634,-24.3630348,464.652623,0,0,658.363035,145.452039,48.2583731
85.5,666,11.0233361,468.471205,0,0,654.976664,136.080649,50.4248099
85.55,618,-34.769691,472.304037,0,0,652.769691,127.727186,52.7384678
85.6,626,-25.5648281,476.148809,0,0,651.564828,120.203193,55.2128266
85.65,663,11.7623273,480.003175,0,0,651.237673,113.371544,57.8629539
85.7,625,-26.7007595,483.864761,0,0,651.700759,107.130235,60.7057642
85.75,616,-36.8927848,487.731172,0,0,652.892785,101.401261,63.7603515
85.8,628,-26.7715918,491.6,0,0,654.771592,96.1231535,67.0484384
85.85,682,24.6901415,495.468828,0,0,657.309858,91.246027,70.5950036
85.9,656,-4.49276522,499.335239,0,0,660.492765,86.7283314,74.4291944
85.95,631,-33.3172235,503.196825,0,0,664.317224,82.534712,78.5856861
86,716,47.207479,507.051191,0,0,668.792521,78.6345864,83.1067433
86.05,647,-26.9424983,510.895963,0,0,673.942498,75.0011768,88.0453585
86.1,693,13.1903667,514.728795,0,0,679.809633,71.6108287,93.4700094
86.15,667,-19.4616762,518.547377,0,0,686.461676,68.4425128,99.4717863
86.2,661,-33.0017607,522.349439,0,0,694.001761,65.4774459,106.174876
86.25,690,-12.5831844,526.13276,0,0,702.583184,62.6987893,113.751636
86.3,713,0.569736328,529.89517,0,0,712.430264,60.0914044,122.443689
86.35,675,-48.8667453,533.63456,0,0,723.866745,57.6416468,132.590538
86.4,733,-4.3530858,537.348887,0,0,737.353086,55.3371921,144.667007
86.45,740,-13.5333506,541.036173,0,0,753.533351,53.1668861,159.330292
86.5,760,-13.2913919,544.694516,0,0,773.291392,51.1206144,177.476261
86.55,791,-6.81422021,548.322094,0,0,797.81422,49.1891893,200.302937
86.6,825,-3.65804043,551.917162,0,0,828.65804,47.3642504,229.376628
86.65,895,27.1906143,555.478065,0,0,867.809386,45.6381779,266.693143
86.7,945,27.2695631,559.00323,0,0,917.730437,44.0040157,314.723191
86.75,978,-3.37449847,562.491178,0,0,981.374498,42.455404,376.427917
86.8,1065,2.84454453,565.94052,0,0,1062.15546,40.9865191,455.228416
86.85,1178,14.1452246,569.349961,0,0,1163.85478,39.5920211,554.912794
86.9,1268,-22.4520942,572.718299,0,0,1290.45209,38.2670062,679.466789
86.95,1435,-10.871264,576.044428,0,0,1445.87126,37.0069655,832.819871
87,1630,-3.64294892,579.327336,0,0,1633.64295,35.8077473,1018.50787
87.05,1888,31.5033845,582.566106,0,0,1856.49662,34.6655243,1239.26498
87.1,2241,125.092831,585.759917,0,0,2115.90717,33.5767635,1496.57049
87.15,2453,41.3683412,588.908037,0,0,2411.63166,32.5381998,1790.18542
87.2,2761,19.7240045,592.009829,0,0,2741.276,31.5468122,2117.71935
87.25,3134,34.0723558,595.064746,0,0,3099.92764,30.5998022,2474.2631
87.3,3446,-33.8779624,598.072329,0,0,3479.87796,29.6945746,2852.11106
87.35,3901,30.5562077,601.032203,0,0,3870.44379,28.8287202,3240.58287
87.4,4134,-123.899939,603.944081,0,0,4257.89994,28,3625.95586
87.45,4677,51.4185584,606.807754,0,0,4625.58144,27.2063311,3991.56736
87.5,4880,-74.3310023,609.623091,0,0,4954.331,26.445774,4318.26214
87.55,5253,29.3809657,612.39004,0,0,5223.61903,25.7165208,4585.51247
87.6,5374,-39.6893757,615.108618,0,0,5413.68938,25.0168847,4773.56387
87.65,5563,54.2756633,617.778911,0,0,5508.72434,24.3452904,4866.60013
87.7,5612,111.768053,620.401074,0,0,5500.23195,23.7002658,4856.13061
87.75,5346,-43.1899664,622.975322,0,0,5389.18997,23.0804335,4743.13421
87.8,5157,-28.7869346,625.501929,0,0,5185.78693,22.4845039,4537.8005
87.85,4909,2.09154978,627.981225,0,0,4906.90845,21.9112685,4257.01596
87.9,4574,1.31087996,630.413593,0,0,4572.68912,21.3595939,3920.91593
87.95,4166,-37.5166712,632.799465,0,0,4203.51667,20.8284164,3549.88879
88,3826,7.89032718,635.139317,0,0,3818.10967,20.3167368,3162.65362
88.05,3320,-112.563319,637.433668,0,0,3432.56332,19.8236159,2775.30604
88.1,2947,-112.992668,639.683074,0,0,3059.99267,19.3481699,2400.96142
88.15,2764,53.5264099,641.888131,0,0,2710.47359,18.8895672,2049.69589
88.2,2407,15.8652786,644.049462,0,0,2391.13472,18.4470242,1728.63824
88.25,2122,15.6438773,646.167722,0,0,2106.35612,18.019802,1442.1686
88.3,1849,-9.06598249,648.243594,0,0,1858.06598,17.6072038,1192.21518
88.35,1680,33.8765332,650.27778,0,0,1646.12347,17.2085719,978.637115
88.4,1497,28.2388831,652.271007,0,0,1468.76112,16.8232848,799.666826
88.45,1315,-8.04928154,654.224017,0,0,1323.04928,16.4507553,652.37451
88.5,1234,28.6570572,656.137569,0,0,1205.34294,16.090428,533.114946
88.55,1124,12.3227994,658.012435,0,0,1111.6772,15.7417772,437.922989
88.6,1023,-15.0885708,659.849397,0,0,1038.08857,15.4043052,362.834868
88.65,985,4.14826856,661.649247,0,0,980.851731,15.0775405,304.124944
88.7,935,-1.63271547,663.412782,0,0,936.632715,14.7610361,258.458897
88.75,944,41.43188,665.140804,0,0,902.56812,14.4543681,222.972948
88.8,870,-6.28504156,666.834118,0,0,876.285042,14.157134,195.293789
88.85,820,-35.8783156,668.49353,0,0,855.878316,13.8689519,173.515834
88.9,829,-10.8609242,670.119844,0,0,839.860924,13.5894587,156.151621
88.95,820,-7.10102775,671.713865,0,0,827.101028,13.3183096,142.068853
89,809,-7.75586046,673.276392,0,0,816.75586,13.0551764,130.424292
89.05,785,-23.2094084,674.808219,0,0,808.209408,12.7997469,120.601443
89.1,776,-25.0178552,676.310135,0,0,801.017855,12.5517241,112.155996
89.15,758,-36.8644718,677.782924,0,0,794.864472,12.310825,104.770723
89.2,812,22.4759806,679.227357,0,0,789.524019,12.07678,98.2198823
89.25,824,39.1642442,680.644201,0,0,784.835756,11.849332,92.3422225
89.3,736,-44.6836632,682.034211,0,0,780.683663,11.628236,87.0212159
89.35,743,-33.9824003,683.398132,0,0,776.9824,11.4132581,82.17101
89.4,742,-31.6675785,684.736698,0,0,773.667578,11.2041751,77.7267056
89.45,743,-27.6891796,686.05063,0,0,770.68918,11.0007738,73.6377755
89.5,778,9.9928267,687.34064,0,0,768.007173,10.8028507,69.8636826
89.55,754,-11.5886306,688.607424,0,0,765.588631,10.6102112,66.3709952
89.6,801,37.5941719,689.851668,0,0,763.405828,10.4226692,63.1314914
89.65,749,-12.4349935,691.074041,0,0,761.434994,10.2400467,60.1209055
89.7,735,-24.6554608,692.275203,0,0,759.655461,10.0621736,57.3180841
89.75,799,40.9509159,693.455797,0,0,758.049084,9.8888868,54.7044003
89.8,733,-23.5998163,694.616453,0,0,756.599816,9.72003031,52.263333
89.85,766,10.7066075,695.757787,0,0,755.293393,9.55545463,49.9801507
89.9,793,38.8829169,696.880401,0,0,754.117083,9.39501652,47.8416653
89.95,729,-24.0594945,697.984883,0,0,753.059494,9.23857868,45.8360327
90,721,-31.1104037,699.071806,0,0,752.110404,9.08600943,43.9525883
90.05,696,-55.2606191,700.14173,0,0,751.260619,8.93718247,42.1817071
90.1,759,8.49813958,701.195199,0,0,750.50186,8.7919766,40.5146849
90.15,763,13.1733443,702.232745,0,0,749.826656,8.65027547,38.9436349
90.2,738,-11.2282511,703.254886,0,0,749.228251,8.51196737,37.4613977
90.25,739,-9.70053284,704.262125,0,0,748.700533,8.37694501,36.0614632
90.3,720,-28.2379579,705.254951,0,0,748.237958,8.24510526,34.7379016
90.35,724,-23.8354939,706.233842,0,0,747.835494,8.11634905,33.4853033
90.4,768,20.5114347,707.199259,0,0,747.488565,7.99058109,32.298725
90.45,717,-30.1930071,708.151654,0,0,747.193007,7.86770975,31.1736434
90.5,765,18.0549775,709.091463,0,0,746.945023,7.74764689,30.1059127
90.55,727,-19.7411462,710.01911,0,0,746.741146,7.63030769,29.0917283
90.6,722,-24.5782119,710.935008,0,0,746.578212,7.51561049,28.1275936
90.65,739,-7.45332268,711.839555,0,0,746.453323,7.40347667,27.2102908
90.7,744,-2.36382546,712.73314,0,0,746.363825,7.29383052,26.3368548
90.75,696,-50.3072876,713.616138,0,0,746.307288,7.18659908,25.5045503
90.8,749,2.71852395,714.488914,0,0,746.281476,7.08171206,24.7108501
90.85,767,20.7156608,715.35182,0,0,746.284339,6.97910171,23.9534175
90.9,732,-14.31399,716.205199,0,0,746.31399,6.87870267,23.2300885
90.95,767,20.6313092,717.049381,0,0,746.368691,6.78045196,22.5388574
91,755,8.55315952,717.884689,0,0,746.44684,6.68428878,21.8778631
91.05,748,1.45303811,718.711431,0,0,746.546962,6.59015449,21.2453765
91.1,716,-30.6676912,719.529909,0,0,746.667691,6.49799246,20.6397898
91.15,773,26.192232,720.340413,0,0,746.807768,6.40774807,20.0596065
91.2,730,-16.9660263,721.143226,0,0,746.966026,6.31936852,19.5034321
91.25,756,8.85861306,721.938618,0,0,747.141387,6.23280285,18.9699662
91.3,745,-2.33284964,722.726853,0,0,747.33285,6.14800182,18.4579947
91.35,782,34.4605131,723.508186,0,0,747.539487,6.06491784,17.9663831
91.4,742,-5.76043797,724.282862,0,0,747.760438,5.98350492,17.4940709
91.45,791,43.0050969,725.05112,0,0,747.994903,5.90371859,17.0400649
91.5,714,-34.2421388,725.813188,0,0,748.242139,5.82551584,16.6034351
91.55,765,16.4985466,726.569289,0,0,748.501453,5.7488551,16.1833095
91.6,726,-22.772203,727.319637,0,0,748.772203,5.67369613,15.7788698
91.65,772,22.9462127,728.06444,0,0,749.053787,5.6,15.3893477
91.7,762,12.6543535,728.803896,0,0,749.345646,5.52772903,15.0140212
91.75,771,21.3527417,729.5382,0,0,749.647258,5.45684674,14.6522112
91.8,723,-26.9581348,730.267538,0,0,749.958135,5.38731781,14.3032787
91.85,823,72.7221801,730.99209,0,0,750.27782,5.31910805,13.9666219
91.9,758,7.39411304,731.712029,0,0,750.605887,5.25218433,13.6416734
91.95,755,4.05806337,732.427524,0,0,750.941937,5.18651455,13.3278984
92,703,-48.2855948,733.138735,0,0,751.285595,5.1220676,13.024792
92.05,754,2.36348931,733.84582,0,0,751.636511,5.05881335,12.7318774
92.1,737,-14.9943553,734.548928,0,0,751.994355,4.99672256,12.4487043
92.15,772,19.6411804,735.248206,0,0,752.35882,4.9357669,12.1748467
92.2,748,-4.72961336,735.943793,0,0,752.729613,4.8759189,11.9099016
92.25,778,24.8935363,736.635824,0,0,753.106464,4.81715191,11.6534874
92.3,743,-10.4891137,737.324431,0,0,753.489114,4.75944007,11.405243
92.35,733,-20.8773217,738.009738,0,0,753.877322,4.70275828,11.1648257
92.4,686,-68.2708598,738.691867,0,0,754.27086,4.64708221,10.9319109
92.45,744,-10.6695132,739.370935,0,0,754.669513,4.59238822,10.7061903
92.5,739,-16.0730791,740.047054,0,0,755.073079,4.53865337,10.4873716
92.55,727,-28.4813661,740.720334,0,0,755.481366,4.48585537,10.2751768
92.6,786,30.1058067,741.390879,0,0,755.894193,4.4339726,10.069342
92.65,732,-24.3113897,742.05879,0,0,756.31139,4.38298404,9.86961604
92.7,751,-5.73279338,742.724164,0,0,756.732793,4.33286928,9.67576018
92.75,799,41.841749,743.387095,0,0,757.158251,4.28360847,9.48754715
92.8,780,22.4123826,744.047675,0,0,757.587617,4.23518234,9.30476054
92.85,670,-88.0207547,744.705988,0,0,758.020755,4.18757215,9.1271942
92.9,783,24.5424677,745.362121,0,0,758.457532,4.14075969,8.95465165
92.95,777,18.102174,746.016153,0,0,758.897826,4.09472725,8.78694555
93,754,-5.34151779,746.668163,0,0,759.341518,4.04945761,8.62389721
